transaction_id,order_id,amount,currency,payment_method,payment_status,customer_id,timestamp
TXN1001,order_770487,19900,INR,upi,captured,cust_2679,2026-07-15 15:45:00
TXN1002,order_131244,19900,INR,card,captured,cust_4257,2026-08-17 07:22:00
TXN1003,order_391704,9900,INR,card,captured,cust_4527,2026-07-18 10:39:00
TXN1004,order_201414,199900,INR,netbanking,captured,cust_8527,2026-07-24 15:09:00
TXN1005,order_407419,199900,INR,emi,captured,cust_4733,2026-08-19 01:56:00
TXN1006,order_205907,499900,INR,netbanking,captured,cust_7065,2026-08-02 03:07:00
TXN1007,order_765822,29900,INR,emi,captured,cust_5422,2026-07-16 16:50:00
TXN1008,order_340174,9900,INR,netbanking,captured,cust_6155,2026-08-06 15:56:00
TXN1009,order_774079,999900,INR,card,captured,cust_9830,2026-08-15 19:45:00
TXN1010,order_549245,499900,INR,netbanking,captured,cust_1771,2026-08-17 19:28:00
TXN1011,order_166613,499900,INR,wallet,captured,cust_1188,2026-07-24 09:27:00
TXN1012,order_407757,499900,INR,card,captured,cust_5315,2026-08-02 23:14:00
TXN1013,order_632323,49900,INR,card,captured,cust_9689,2026-08-08 18:26:00
TXN1014,order_120422,19900,INR,netbanking,captured,cust_2290,2026-07-06 14:45:00
TXN1015,order_897549,29900,INR,card,captured,cust_9645,2026-07-20 08:25:00
TXN1016,order_891952,49900,INR,netbanking,captured,cust_9479,2026-08-06 02:19:00
TXN1017,order_167136,199900,INR,upi,captured,cust_1117,2026-07-25 06:46:00
TXN1018,order_161733,49900,INR,upi,captured,cust_9423,2026-07-05 22:05:00
TXN1019,order_238739,999900,INR,card,captured,cust_2545,2026-07-12 08:09:00
TXN1020,order_544154,499900,INR,wallet,captured,cust_2612,2026-07-07 00:57:00
TXN1021,order_455784,19900,INR,card,captured,cust_7912,2026-08-19 17:26:00
TXN1022,order_179046,999900,INR,emi,failed,cust_1241,2026-08-25 22:19:00
TXN1023,order_197793,49900,INR,card,captured,cust_7570,2026-08-05 08:30:00
TXN1024,order_509386,99900,INR,wallet,captured,cust_8973,2026-08-13 10:16:00
TXN1025,order_161324,9900,INR,netbanking,captured,cust_9701,2026-08-28 22:23:00
TXN1026,order_171849,19900,INR,card,captured,cust_1651,2026-08-06 20:04:00
TXN1027,order_712024,199900,INR,netbanking,captured,cust_5351,2026-08-18 02:15:00
TXN1028,order_431535,19900,INR,upi,failed,cust_2200,2026-08-02 04:24:00
TXN1029,order_663750,49900,INR,emi,captured,cust_2127,2026-08-15 19:01:00
TXN1030,order_559469,99900,INR,emi,captured,cust_5905,2026-07-11 03:27:00
TXN1031,order_212235,29900,INR,netbanking,captured,cust_4335,2026-08-13 04:47:00
TXN1032,order_363319,9900,INR,upi,captured,cust_1058,2026-07-22 10:07:00
TXN1033,order_374680,29900,INR,wallet,captured,cust_2832,2026-07-27 01:33:00
TXN1034,order_672092,9900,INR,netbanking,captured,cust_1685,2026-07-25 06:51:00
TXN1035,order_361650,19900,INR,netbanking,captured,cust_3532,2026-07-13 06:04:00
TXN1036,order_532322,9900,INR,card,captured,cust_5065,2026-07-15 13:10:00
TXN1037,order_140605,999900,INR,card,captured,cust_4728,2026-08-19 09:38:00
TXN1038,order_517821,199900,INR,netbanking,captured,cust_9346,2026-07-07 21:11:00
TXN1039,order_287241,99900,INR,upi,captured,cust_6139,2026-08-25 04:33:00
TXN1040,order_704596,49900,INR,netbanking,captured,cust_9821,2026-08-29 01:33:00
TXN1041,order_796503,199900,INR,emi,captured,cust_5920,2026-08-11 02:06:00
TXN1042,order_521947,99900,INR,emi,captured,cust_7211,2026-08-23 17:34:00
TXN1043,order_415568,499900,INR,emi,captured,cust_8043,2026-07-09 23:41:00
TXN1044,order_808446,49900,INR,emi,captured,cust_5649,2026-08-01 00:50:00
TXN1045,order_805477,99900,INR,card,captured,cust_5011,2026-07-11 17:51:00
TXN1046,order_534572,49900,INR,wallet,captured,cust_1090,2026-07-31 11:45:00
TXN1047,order_284430,999900,INR,upi,captured,cust_8478,2026-07-27 16:02:00
TXN1048,order_800005,199900,INR,wallet,captured,cust_9976,2026-07-23 00:03:00
TXN1049,order_597732,999900,INR,netbanking,captured,cust_9540,2026-07-14 16:07:00
TXN1050,order_387936,999900,INR,upi,captured,cust_6238,2026-07-17 14:45:00
TXN1051,order_501641,29900,INR,card,captured,cust_8633,2026-08-27 10:34:00
TXN1052,order_508396,9900,INR,emi,captured,cust_5892,2026-08-07 09:00:00
TXN1053,order_386193,499900,INR,wallet,captured,cust_7624,2026-08-30 11:39:00
TXN1054,order_752483,9900,INR,wallet,captured,cust_8022,2026-07-25 05:18:00
TXN1055,order_152727,99900,INR,wallet,captured,cust_7211,2026-08-11 17:31:00
TXN1056,order_975467,19900,INR,wallet,captured,cust_6733,2026-08-30 00:26:00
TXN1057,order_142213,9900,INR,card,captured,cust_3068,2026-08-19 23:21:00
TXN1058,order_328552,999900,INR,netbanking,captured,cust_2876,2026-07-13 12:50:00
TXN1059,order_706794,9900,INR,netbanking,captured,cust_7498,2026-07-26 02:02:00
TXN1060,order_970917,49900,INR,upi,captured,cust_2983,2026-07-18 14:06:00
TXN1061,order_549186,199900,INR,upi,captured,cust_7882,2026-07-30 03:39:00
TXN1062,order_766459,999900,INR,card,captured,cust_5425,2026-08-04 18:14:00
TXN1063,order_721254,99900,INR,netbanking,captured,cust_5569,2026-07-08 16:07:00
TXN1064,order_618317,199900,INR,card,captured,cust_6576,2026-07-31 17:38:00
TXN1065,order_189771,49900,INR,wallet,captured,cust_8800,2026-07-31 06:12:00
TXN1066,order_332360,499900,INR,card,captured,cust_9698,2026-08-12 02:23:00
TXN1067,order_575786,99900,INR,netbanking,captured,cust_6169,2026-08-15 16:53:00
TXN1068,order_899213,29900,INR,card,captured,cust_9595,2026-08-18 00:30:00
TXN1069,order_410636,49900,INR,netbanking,captured,cust_3073,2026-08-20 15:00:00
TXN1070,order_680238,99900,INR,card,captured,cust_5658,2026-07-22 08:54:00
TXN1071,order_293319,9900,INR,netbanking,captured,cust_7565,2026-07-02 08:53:00
TXN1072,order_705050,9900,INR,card,captured,cust_5066,2026-08-22 05:41:00
TXN1073,order_498855,999900,INR,wallet,captured,cust_1986,2026-08-12 05:33:00
TXN1074,order_185131,29900,INR,card,captured,cust_7693,2026-08-20 06:56:00
TXN1075,order_342720,99900,INR,netbanking,captured,cust_5334,2026-07-18 09:56:00
TXN1076,order_671015,49900,INR,card,captured,cust_1977,2026-07-04 15:08:00
TXN1077,order_885339,99900,INR,wallet,captured,cust_7594,2026-08-24 09:16:00
TXN1078,order_727086,9900,INR,wallet,captured,cust_2496,2026-07-15 13:22:00
TXN1079,order_961322,99900,INR,emi,captured,cust_8245,2026-08-29 18:30:00
TXN1080,order_953797,999900,INR,upi,captured,cust_2713,2026-08-01 12:34:00
TXN1081,order_619536,99900,INR,wallet,captured,cust_6153,2026-07-10 06:58:00
TXN1082,order_639593,9900,INR,emi,captured,cust_6927,2026-08-02 10:57:00
TXN1083,order_313446,99900,INR,emi,captured,cust_8941,2026-08-23 14:32:00
TXN1084,order_266071,99900,INR,emi,captured,cust_2858,2026-08-31 06:34:00
TXN1085,order_972565,29900,INR,wallet,captured,cust_5479,2026-07-03 01:42:00
TXN1086,order_355570,999900,INR,emi,captured,cust_9327,2026-08-22 11:48:00
TXN1087,order_910208,499900,INR,netbanking,captured,cust_5634,2026-07-03 07:43:00
TXN1088,order_708093,999900,INR,card,captured,cust_9903,2026-08-03 06:30:00
TXN1089,order_501574,49900,INR,wallet,captured,cust_7246,2026-08-29 13:13:00
TXN1090,order_232378,199900,INR,upi,captured,cust_8486,2026-07-07 09:54:00
TXN1091,order_786587,29900,INR,upi,captured,cust_7512,2026-08-01 15:39:00
TXN1092,order_659543,499900,INR,netbanking,captured,cust_9864,2026-07-22 01:04:00
TXN1093,order_897305,19900,INR,wallet,captured,cust_1753,2026-08-21 01:41:00
TXN1094,order_475876,199900,INR,wallet,captured,cust_3950,2026-08-22 16:27:00
TXN1095,order_501126,49900,INR,wallet,captured,cust_5161,2026-07-04 05:51:00
TXN1096,order_810526,29900,INR,upi,captured,cust_7951,2026-08-03 12:23:00
TXN1097,order_994787,999900,INR,upi,captured,cust_5847,2026-08-16 11:24:00
TXN1098,order_693419,9900,INR,emi,captured,cust_5689,2026-07-15 08:07:00
TXN1099,order_299367,99900,INR,card,captured,cust_1645,2026-07-22 20:03:00
TXN1100,order_707727,199900,INR,card,captured,cust_3877,2026-08-26 14:40:00
TXN1101,order_483629,99900,INR,card,captured,cust_6549,2026-08-15 08:09:00
TXN1102,order_809176,499900,INR,emi,captured,cust_5332,2026-08-08 21:10:00
TXN1103,order_885395,99900,INR,emi,captured,cust_4830,2026-08-07 03:37:00
TXN1104,order_443939,49900,INR,upi,captured,cust_7689,2026-07-22 09:02:00
TXN1105,order_139019,99900,INR,wallet,captured,cust_3222,2026-08-24 20:45:00
TXN1106,order_879238,499900,INR,emi,captured,cust_2622,2026-07-15 00:51:00
TXN1107,order_134305,199900,INR,card,captured,cust_2627,2026-08-03 09:45:00
TXN1108,order_776149,199900,INR,upi,captured,cust_8450,2026-08-06 15:48:00
TXN1109,order_355400,29900,INR,emi,captured,cust_4394,2026-08-18 21:07:00
TXN1110,order_926952,9900,INR,netbanking,captured,cust_3858,2026-07-08 19:52:00
TXN1111,order_475644,49900,INR,emi,captured,cust_3076,2026-08-11 23:49:00
TXN1112,order_166645,999900,INR,wallet,captured,cust_8405,2026-07-13 12:28:00
TXN1113,order_862569,99900,INR,wallet,failed,cust_7580,2026-07-21 23:57:00
TXN1114,order_546980,19900,INR,wallet,captured,cust_6277,2026-07-17 09:56:00
TXN1115,order_754644,199900,INR,wallet,captured,cust_8048,2026-07-24 07:42:00
TXN1116,order_573489,49900,INR,wallet,captured,cust_2557,2026-08-10 09:35:00
TXN1117,order_367271,199900,INR,card,captured,cust_2398,2026-07-19 08:56:00
TXN1118,order_874683,199900,INR,card,captured,cust_6400,2026-07-27 22:23:00
TXN1119,order_886730,499900,INR,upi,captured,cust_9313,2026-08-13 04:41:00
TXN1120,order_467121,199900,INR,upi,captured,cust_8030,2026-07-14 15:24:00
TXN1121,order_289179,99900,INR,netbanking,captured,cust_3347,2026-07-04 13:38:00
TXN1122,order_763928,9900,INR,upi,captured,cust_8432,2026-07-15 07:47:00
TXN1123,order_856648,199900,INR,emi,captured,cust_3579,2026-07-24 21:04:00
TXN1124,order_564637,499900,INR,wallet,captured,cust_9394,2026-07-24 09:34:00
TXN1125,order_397005,999900,INR,emi,captured,cust_1897,2026-07-20 14:58:00
TXN1126,order_904624,29900,INR,netbanking,captured,cust_8055,2026-08-13 13:53:00
TXN1127,order_837852,49900,INR,emi,captured,cust_7505,2026-07-27 02:09:00
TXN1128,order_181644,199900,INR,emi,captured,cust_7843,2026-08-04 05:35:00
TXN1129,order_121869,199900,INR,card,captured,cust_6928,2026-07-11 04:31:00
TXN1130,order_985506,19900,INR,card,captured,cust_7484,2026-08-04 05:35:00
TXN1131,order_449247,29900,INR,upi,captured,cust_4176,2026-07-30 03:53:00
TXN1132,order_253557,99900,INR,card,captured,cust_2234,2026-08-20 04:51:00
TXN1133,order_891093,999900,INR,emi,captured,cust_6179,2026-07-21 03:21:00
TXN1134,order_563688,99900,INR,netbanking,captured,cust_6085,2026-07-25 22:38:00
TXN1135,order_486649,99900,INR,upi,captured,cust_7299,2026-07-21 21:21:00
TXN1136,order_930281,9900,INR,wallet,captured,cust_8792,2026-07-04 05:19:00
TXN1137,order_208529,199900,INR,upi,captured,cust_8172,2026-07-30 03:49:00
TXN1138,order_490963,99900,INR,wallet,captured,cust_6482,2026-08-05 13:17:00
TXN1139,order_685066,499900,INR,netbanking,captured,cust_3463,2026-08-15 00:06:00
TXN1140,order_795847,29900,INR,netbanking,captured,cust_3112,2026-08-12 03:16:00
TXN1141,order_494976,199900,INR,card,captured,cust_9624,2026-07-20 01:07:00
TXN1142,order_423869,29900,INR,card,captured,cust_3253,2026-08-10 08:48:00
TXN1143,order_632351,9900,INR,netbanking,captured,cust_3527,2026-07-06 04:52:00
TXN1144,order_908554,29900,INR,wallet,captured,cust_4891,2026-08-29 10:37:00
TXN1145,order_888939,999900,INR,card,captured,cust_8684,2026-07-28 16:41:00
TXN1146,order_956572,49900,INR,emi,captured,cust_7081,2026-08-23 15:57:00
TXN1147,order_992512,19900,INR,netbanking,captured,cust_9410,2026-08-26 18:43:00
TXN1148,order_332823,999900,INR,netbanking,captured,cust_9224,2026-07-03 23:34:00
TXN1149,order_493124,49900,INR,upi,captured,cust_6493,2026-08-11 20:07:00
TXN1150,order_400814,999900,INR,card,captured,cust_1086,2026-07-14 01:30:00
TXN1151,order_975522,29900,INR,emi,captured,cust_2821,2026-07-02 00:22:00
TXN1152,order_150068,49900,INR,wallet,captured,cust_9189,2026-07-22 04:31:00
TXN1153,order_250551,99900,INR,wallet,captured,cust_7825,2026-08-31 04:38:00
TXN1154,order_170966,9900,INR,wallet,captured,cust_7116,2026-07-07 08:58:00
TXN1155,order_474440,19900,INR,netbanking,captured,cust_6447,2026-08-16 00:18:00
TXN1156,order_672536,199900,INR,card,captured,cust_8840,2026-07-09 02:31:00
TXN1157,order_138780,99900,INR,card,captured,cust_6080,2026-08-29 17:04:00
TXN1158,order_138399,49900,INR,netbanking,captured,cust_5476,2026-08-09 22:05:00
TXN1159,order_519453,999900,INR,wallet,captured,cust_7018,2026-08-10 18:29:00
TXN1160,order_545120,19900,INR,wallet,captured,cust_2680,2026-07-24 18:26:00
TXN1161,order_731894,499900,INR,card,captured,cust_6776,2026-07-18 09:38:00
TXN1162,order_803787,499900,INR,netbanking,captured,cust_1510,2026-07-30 00:17:00
TXN1163,order_170499,49900,INR,netbanking,captured,cust_3513,2026-08-08 11:24:00
TXN1164,order_565504,19900,INR,emi,captured,cust_5566,2026-08-23 07:37:00
TXN1165,order_871411,29900,INR,wallet,captured,cust_5288,2026-07-29 11:02:00
TXN1166,order_324993,99900,INR,wallet,captured,cust_8406,2026-08-19 20:52:00
TXN1167,order_566732,19900,INR,netbanking,captured,cust_9882,2026-07-20 12:15:00
TXN1168,order_846385,29900,INR,netbanking,captured,cust_3275,2026-07-30 16:53:00
TXN1169,order_700076,199900,INR,wallet,captured,cust_2412,2026-07-11 06:52:00
TXN1170,order_851759,999900,INR,emi,captured,cust_3053,2026-08-05 10:08:00
TXN1171,order_571832,999900,INR,emi,captured,cust_3981,2026-08-09 19:04:00
TXN1172,order_627290,9900,INR,upi,captured,cust_6286,2026-07-29 19:41:00
TXN1173,order_362778,49900,INR,emi,captured,cust_9740,2026-08-14 19:20:00
TXN1174,order_754813,199900,INR,emi,captured,cust_5336,2026-08-29 23:55:00
TXN1175,order_757629,99900,INR,netbanking,captured,cust_7653,2026-08-01 16:09:00
TXN1176,order_560959,499900,INR,wallet,captured,cust_6121,2026-08-02 17:39:00
TXN1177,order_518084,29900,INR,netbanking,captured,cust_8642,2026-07-30 06:54:00
TXN1178,order_247720,19900,INR,upi,captured,cust_5067,2026-08-13 11:05:00
TXN1179,order_856157,199900,INR,card,failed,cust_8648,2026-07-14 18:29:00
TXN1180,order_622987,99900,INR,wallet,captured,cust_4944,2026-08-30 21:35:00
TXN1181,order_152995,99900,INR,wallet,captured,cust_9793,2026-07-24 03:17:00
TXN1182,order_240440,99900,INR,netbanking,captured,cust_1838,2026-07-14 11:37:00
TXN1183,order_628750,999900,INR,emi,captured,cust_3108,2026-08-14 04:17:00
TXN1184,order_933510,199900,INR,emi,captured,cust_9341,2026-07-02 12:12:00
TXN1185,order_140804,29900,INR,netbanking,captured,cust_9446,2026-07-11 08:27:00
TXN1186,order_512042,99900,INR,emi,captured,cust_9025,2026-08-10 07:07:00
TXN1187,order_806537,19900,INR,wallet,captured,cust_1436,2026-07-25 14:10:00
TXN1188,order_278794,499900,INR,card,captured,cust_2800,2026-07-10 02:45:00
TXN1189,order_539122,29900,INR,wallet,captured,cust_8726,2026-07-18 17:34:00
TXN1190,order_317413,199900,INR,wallet,captured,cust_8531,2026-07-29 11:40:00
TXN1191,order_909489,99900,INR,emi,captured,cust_5890,2026-08-01 17:45:00
TXN1192,order_839142,49900,INR,wallet,captured,cust_5480,2026-08-11 08:38:00
TXN1193,order_809489,499900,INR,wallet,captured,cust_5758,2026-07-10 12:11:00
TXN1194,order_563864,99900,INR,wallet,captured,cust_5450,2026-08-18 17:08:00
TXN1195,order_802371,49900,INR,card,captured,cust_8739,2026-08-28 20:34:00
TXN1196,order_265613,499900,INR,wallet,captured,cust_5706,2026-08-01 03:48:00
TXN1197,order_702022,49900,INR,emi,captured,cust_3868,2026-07-15 00:06:00
TXN1198,order_926236,999900,INR,card,captured,cust_1613,2026-07-03 00:05:00
TXN1199,order_398384,999900,INR,emi,captured,cust_9261,2026-07-29 08:04:00
TXN1200,order_446747,29900,INR,wallet,captured,cust_6523,2026-07-21 15:15:00
TXN1201,order_740632,499900,INR,wallet,captured,cust_2562,2026-07-30 13:55:00
TXN1202,order_439320,49900,INR,upi,captured,cust_5374,2026-08-15 11:45:00
TXN1203,order_477017,49900,INR,upi,captured,cust_7642,2026-07-20 20:31:00
TXN1204,order_409369,199900,INR,emi,captured,cust_8454,2026-08-17 16:52:00
TXN1205,order_653829,199900,INR,upi,captured,cust_9972,2026-07-04 05:53:00
TXN1206,order_995993,999900,INR,upi,captured,cust_2489,2026-07-19 17:15:00
TXN1207,order_238353,499900,INR,wallet,captured,cust_6049,2026-07-26 22:25:00
TXN1208,order_882032,49900,INR,emi,captured,cust_2044,2026-08-27 22:33:00
TXN1209,order_401036,499900,INR,card,captured,cust_7887,2026-07-13 19:11:00
TXN1210,order_495833,499900,INR,upi,captured,cust_6697,2026-07-19 02:05:00
TXN1211,order_233533,49900,INR,upi,captured,cust_9920,2026-07-14 23:41:00
TXN1212,order_359535,999900,INR,netbanking,captured,cust_2848,2026-08-22 15:48:00
TXN1213,order_170559,19900,INR,emi,captured,cust_1797,2026-08-29 09:22:00
TXN1214,order_521805,999900,INR,card,captured,cust_1924,2026-07-28 17:12:00
TXN1215,order_403314,49900,INR,emi,captured,cust_6253,2026-08-11 05:22:00
TXN1216,order_388519,9900,INR,emi,captured,cust_3869,2026-07-02 05:04:00
TXN1217,order_149161,199900,INR,wallet,captured,cust_7688,2026-07-12 07:40:00
TXN1218,order_292811,999900,INR,card,captured,cust_3365,2026-07-08 16:41:00
TXN1219,order_689704,499900,INR,wallet,captured,cust_5177,2026-07-27 07:52:00
TXN1220,order_859782,49900,INR,upi,captured,cust_1647,2026-08-14 11:17:00
TXN1221,order_859489,49900,INR,wallet,captured,cust_1251,2026-08-18 13:41:00
TXN1222,order_223014,999900,INR,card,captured,cust_4921,2026-07-18 04:15:00
TXN1223,order_588899,199900,INR,netbanking,captured,cust_8635,2026-08-15 12:28:00
TXN1224,order_312994,199900,INR,netbanking,captured,cust_3390,2026-08-05 22:24:00
TXN1225,order_680189,499900,INR,netbanking,captured,cust_5026,2026-08-22 17:39:00
TXN1226,order_858705,999900,INR,wallet,captured,cust_3293,2026-08-21 00:10:00
TXN1227,order_135466,19900,INR,upi,captured,cust_4791,2026-07-14 23:34:00
TXN1228,order_329344,999900,INR,netbanking,captured,cust_8916,2026-08-28 04:20:00
TXN1229,order_658065,499900,INR,upi,captured,cust_5697,2026-08-30 07:14:00
TXN1230,order_649857,29900,INR,card,captured,cust_6807,2026-08-19 04:27:00
TXN1231,order_491172,499900,INR,wallet,captured,cust_2320,2026-07-26 16:16:00
TXN1232,order_495490,999900,INR,upi,captured,cust_9189,2026-07-22 23:16:00
TXN1233,order_144618,49900,INR,card,captured,cust_5441,2026-07-05 01:04:00
TXN1234,order_393992,9900,INR,card,captured,cust_3362,2026-07-03 13:59:00
TXN1235,order_352153,499900,INR,emi,captured,cust_2284,2026-08-10 11:12:00
TXN1236,order_558320,49900,INR,upi,captured,cust_7499,2026-08-10 04:11:00
TXN1237,order_386604,999900,INR,wallet,captured,cust_8075,2026-08-17 12:25:00
TXN1238,order_909676,99900,INR,card,captured,cust_7225,2026-07-17 21:55:00
TXN1239,order_478221,19900,INR,upi,captured,cust_5419,2026-08-31 14:32:00
TXN1240,order_551914,999900,INR,emi,captured,cust_2468,2026-07-27 07:34:00
TXN1241,order_727094,199900,INR,wallet,captured,cust_2387,2026-08-31 14:34:00
TXN1242,order_381981,99900,INR,netbanking,captured,cust_5521,2026-07-31 19:56:00
TXN1243,order_478666,99900,INR,card,captured,cust_4203,2026-07-16 03:29:00
TXN1244,order_419457,9900,INR,wallet,captured,cust_6399,2026-08-10 04:36:00
TXN1245,order_732512,49900,INR,wallet,captured,cust_5775,2026-08-11 18:35:00
TXN1246,order_956156,499900,INR,netbanking,captured,cust_9939,2026-08-24 05:48:00
TXN1247,order_128223,999900,INR,card,captured,cust_7703,2026-08-03 14:07:00
TXN1248,order_417543,49900,INR,netbanking,captured,cust_7176,2026-07-20 19:15:00
TXN1249,order_520274,499900,INR,emi,captured,cust_9796,2026-08-29 12:16:00
TXN1250,order_778428,9900,INR,emi,captured,cust_6432,2026-07-21 02:19:00
TXN1251,order_371306,49900,INR,emi,captured,cust_4621,2026-07-15 07:25:00
TXN1252,order_585556,29900,INR,netbanking,captured,cust_2406,2026-08-30 08:54:00
TXN1253,order_427040,199900,INR,wallet,captured,cust_8801,2026-07-12 17:27:00
TXN1254,order_170437,99900,INR,upi,captured,cust_6620,2026-07-11 01:53:00
TXN1255,order_547080,999900,INR,card,captured,cust_8080,2026-07-11 11:20:00
TXN1256,order_306909,999900,INR,emi,captured,cust_4371,2026-08-04 12:00:00
TXN1257,order_705393,19900,INR,emi,captured,cust_2867,2026-08-20 12:40:00
TXN1258,order_986589,999900,INR,emi,captured,cust_2388,2026-08-20 02:15:00
TXN1259,order_291936,199900,INR,card,captured,cust_7286,2026-07-30 11:34:00
TXN1260,order_766371,29900,INR,emi,captured,cust_6154,2026-08-21 08:42:00
TXN1261,order_110048,999900,INR,card,captured,cust_9109,2026-08-19 11:25:00
TXN1262,order_844638,999900,INR,wallet,captured,cust_4613,2026-08-21 21:24:00
TXN1263,order_663723,99900,INR,card,captured,cust_9115,2026-07-13 09:24:00
TXN1264,order_380901,199900,INR,emi,captured,cust_9951,2026-07-10 22:12:00
TXN1265,order_871740,49900,INR,netbanking,captured,cust_2425,2026-07-07 22:32:00
TXN1266,order_950083,199900,INR,emi,captured,cust_4385,2026-07-22 10:50:00
TXN1267,order_467856,99900,INR,emi,captured,cust_5794,2026-07-28 18:40:00
TXN1268,order_886530,499900,INR,upi,captured,cust_3174,2026-08-14 03:52:00
TXN1269,order_437742,49900,INR,wallet,captured,cust_7786,2026-07-31 19:24:00
TXN1270,order_764406,19900,INR,wallet,captured,cust_7046,2026-07-30 00:43:00
TXN1271,order_710224,9900,INR,upi,captured,cust_6869,2026-07-16 09:20:00
TXN1272,order_328411,499900,INR,card,captured,cust_6533,2026-07-31 15:40:00
TXN1273,order_993829,999900,INR,netbanking,captured,cust_2631,2026-07-05 02:12:00
TXN1274,order_562721,999900,INR,upi,captured,cust_5945,2026-08-04 17:16:00
TXN1275,order_786385,199900,INR,netbanking,captured,cust_3711,2026-08-26 12:18:00
TXN1276,order_195629,19900,INR,upi,captured,cust_4705,2026-08-18 08:56:00
TXN1277,order_460263,19900,INR,wallet,captured,cust_7276,2026-07-18 19:30:00
TXN1278,order_485416,99900,INR,card,failed,cust_3340,2026-08-07 19:19:00
TXN1279,order_171734,9900,INR,emi,captured,cust_4490,2026-07-21 18:32:00
TXN1280,order_819916,999900,INR,card,captured,cust_7291,2026-08-26 20:52:00
TXN1281,order_775933,19900,INR,card,captured,cust_5668,2026-07-27 04:22:00
TXN1282,order_315425,49900,INR,wallet,captured,cust_4921,2026-08-13 03:57:00
TXN1283,order_722780,19900,INR,emi,captured,cust_3162,2026-07-06 23:37:00
TXN1284,order_672896,29900,INR,wallet,captured,cust_1225,2026-07-13 21:59:00
TXN1285,order_163406,499900,INR,emi,captured,cust_7806,2026-08-13 03:15:00
TXN1286,order_771652,29900,INR,netbanking,captured,cust_4329,2026-08-26 14:55:00
TXN1287,order_714923,19900,INR,netbanking,captured,cust_4909,2026-07-18 10:14:00
TXN1288,order_221620,999900,INR,emi,captured,cust_3877,2026-07-24 22:41:00
TXN1289,order_243876,9900,INR,card,captured,cust_5247,2026-07-31 12:27:00
TXN1290,order_919067,99900,INR,upi,captured,cust_5456,2026-07-13 23:39:00
TXN1291,order_577309,199900,INR,upi,captured,cust_5179,2026-07-31 05:50:00
TXN1292,order_633541,9900,INR,upi,captured,cust_6963,2026-07-08 23:45:00
TXN1293,order_999138,9900,INR,emi,captured,cust_4678,2026-07-11 01:13:00
TXN1294,order_855276,199900,INR,netbanking,captured,cust_9225,2026-07-10 21:24:00
TXN1295,order_148159,499900,INR,upi,captured,cust_6090,2026-07-06 09:05:00
TXN1296,order_108356,199900,INR,card,captured,cust_4974,2026-08-13 05:10:00
TXN1297,order_868043,49900,INR,card,captured,cust_6675,2026-08-31 10:59:00
TXN1298,order_895794,499900,INR,netbanking,captured,cust_7878,2026-08-25 17:27:00
TXN1299,order_342716,499900,INR,netbanking,captured,cust_9280,2026-08-02 00:55:00
TXN1300,order_178465,9900,INR,wallet,captured,cust_6161,2026-07-20 19:45:00
TXN1301,order_574751,99900,INR,card,captured,cust_2785,2026-08-27 17:52:00
TXN1302,order_526259,19900,INR,emi,captured,cust_5341,2026-08-09 17:32:00
TXN1303,order_418992,9900,INR,card,captured,cust_5066,2026-07-09 13:51:00
TXN1304,order_372804,29900,INR,upi,captured,cust_5093,2026-07-02 11:06:00
TXN1305,order_227352,9900,INR,upi,captured,cust_7563,2026-07-09 16:52:00
TXN1306,order_371393,19900,INR,upi,captured,cust_3110,2026-08-27 17:03:00
TXN1307,order_144770,999900,INR,upi,captured,cust_7471,2026-08-21 05:33:00
TXN1308,order_501320,499900,INR,card,captured,cust_5585,2026-08-09 17:02:00
TXN1309,order_743937,49900,INR,netbanking,captured,cust_1999,2026-07-31 10:04:00
TXN1310,order_243902,499900,INR,card,captured,cust_9907,2026-07-21 07:45:00
TXN1311,order_476556,999900,INR,emi,captured,cust_9231,2026-07-12 08:38:00
TXN1312,order_127329,199900,INR,emi,captured,cust_5602,2026-08-17 23:03:00
TXN1313,order_655149,199900,INR,emi,captured,cust_4951,2026-08-17 18:54:00
TXN1314,order_703656,499900,INR,netbanking,captured,cust_6210,2026-07-03 18:49:00
TXN1315,order_468765,29900,INR,emi,captured,cust_9064,2026-07-02 17:07:00
TXN1316,order_343923,49900,INR,upi,captured,cust_4300,2026-07-29 09:00:00
TXN1317,order_122977,29900,INR,emi,captured,cust_9622,2026-07-17 19:11:00
TXN1318,order_838761,499900,INR,emi,captured,cust_3580,2026-08-25 13:41:00
TXN1319,order_432695,29900,INR,emi,captured,cust_3872,2026-07-18 04:10:00
TXN1320,order_286340,9900,INR,emi,captured,cust_6213,2026-08-06 05:58:00
TXN1321,order_881549,19900,INR,card,captured,cust_2453,2026-08-09 13:50:00
TXN1322,order_378095,49900,INR,card,captured,cust_2770,2026-07-18 21:38:00
TXN1323,order_868170,499900,INR,card,captured,cust_6754,2026-07-06 10:29:00
TXN1324,order_573209,19900,INR,upi,captured,cust_2715,2026-08-13 23:40:00
TXN1325,order_268720,19900,INR,emi,captured,cust_8909,2026-07-02 21:39:00
TXN1326,order_273012,499900,INR,card,captured,cust_4112,2026-08-28 20:39:00
TXN1327,order_200575,9900,INR,wallet,captured,cust_1893,2026-07-26 06:07:00
TXN1328,order_408857,999900,INR,card,captured,cust_5781,2026-08-25 23:47:00
TXN1329,order_593821,999900,INR,netbanking,captured,cust_7078,2026-08-26 03:26:00
TXN1330,order_146784,99900,INR,wallet,captured,cust_2009,2026-08-02 15:46:00
TXN1331,order_799891,19900,INR,upi,captured,cust_4727,2026-07-20 12:09:00
TXN1332,order_538967,999900,INR,emi,captured,cust_7468,2026-07-06 16:30:00
TXN1333,order_893969,999900,INR,card,captured,cust_3067,2026-07-02 18:47:00
TXN1334,order_255061,99900,INR,netbanking,captured,cust_2425,2026-07-04 00:02:00
TXN1335,order_644932,999900,INR,upi,captured,cust_7874,2026-07-12 01:21:00
TXN1336,order_255398,19900,INR,upi,captured,cust_9775,2026-07-26 20:10:00
TXN1337,order_501650,999900,INR,emi,captured,cust_7602,2026-07-24 08:58:00
TXN1338,order_447596,49900,INR,upi,captured,cust_7102,2026-07-15 08:02:00
TXN1339,order_393964,999900,INR,upi,captured,cust_8259,2026-07-07 16:52:00
TXN1340,order_563173,49900,INR,wallet,captured,cust_7126,2026-07-15 08:12:00
TXN1341,order_844037,499900,INR,card,captured,cust_3846,2026-07-13 07:04:00
TXN1342,order_361609,9900,INR,wallet,captured,cust_7035,2026-08-28 12:15:00
TXN1343,order_229890,9900,INR,card,captured,cust_8775,2026-08-08 08:22:00
TXN1344,order_885342,19900,INR,netbanking,captured,cust_4511,2026-08-30 11:57:00
TXN1345,order_316773,99900,INR,wallet,captured,cust_1145,2026-07-30 23:05:00
TXN1346,order_939767,9900,INR,card,captured,cust_5511,2026-08-15 04:09:00
TXN1347,order_581294,99900,INR,card,captured,cust_7506,2026-08-02 14:17:00
TXN1348,order_984247,199900,INR,emi,captured,cust_2771,2026-07-21 04:22:00
TXN1349,order_771712,199900,INR,netbanking,captured,cust_5895,2026-08-15 03:15:00
TXN1350,order_944554,499900,INR,netbanking,captured,cust_9148,2026-07-19 19:14:00
TXN1351,order_872519,9900,INR,emi,captured,cust_4643,2026-07-17 05:08:00
TXN1352,order_414777,29900,INR,emi,captured,cust_5237,2026-08-20 14:54:00
TXN1353,order_193637,49900,INR,netbanking,captured,cust_6428,2026-08-17 00:05:00
TXN1354,order_593393,9900,INR,emi,captured,cust_4187,2026-07-25 04:56:00
TXN1355,order_995735,29900,INR,card,captured,cust_8496,2026-08-19 13:34:00
TXN1356,order_448787,29900,INR,netbanking,captured,cust_4430,2026-07-22 23:00:00
TXN1357,order_235691,499900,INR,wallet,captured,cust_1618,2026-08-06 10:30:00
TXN1358,order_437864,49900,INR,upi,captured,cust_4707,2026-07-19 23:20:00
TXN1359,order_207697,499900,INR,emi,captured,cust_1749,2026-07-25 14:50:00
TXN1360,order_863187,199900,INR,wallet,captured,cust_9031,2026-07-06 02:52:00
TXN1361,order_951452,499900,INR,upi,captured,cust_4460,2026-08-17 16:14:00
TXN1362,order_368214,9900,INR,emi,captured,cust_1323,2026-08-28 02:54:00
TXN1363,order_537020,999900,INR,wallet,captured,cust_3508,2026-08-24 06:44:00
TXN1364,order_541315,19900,INR,emi,captured,cust_7862,2026-08-14 04:22:00
TXN1365,order_747703,19900,INR,netbanking,captured,cust_4272,2026-08-24 20:29:00
TXN1366,order_837606,499900,INR,netbanking,captured,cust_4402,2026-08-21 22:25:00
TXN1367,order_113368,19900,INR,upi,captured,cust_2475,2026-07-09 05:18:00
TXN1368,order_376955,999900,INR,upi,captured,cust_5760,2026-08-25 18:05:00
TXN1369,order_221531,19900,INR,upi,captured,cust_6384,2026-08-31 19:18:00
TXN1370,order_381342,19900,INR,netbanking,captured,cust_7557,2026-07-10 13:49:00
TXN1371,order_780364,29900,INR,upi,captured,cust_3611,2026-08-23 01:14:00
TXN1372,order_811346,999900,INR,card,captured,cust_1472,2026-07-23 11:11:00
TXN1373,order_562094,9900,INR,upi,captured,cust_9598,2026-08-15 03:40:00
TXN1374,order_861949,49900,INR,wallet,captured,cust_3435,2026-08-09 02:17:00
TXN1375,order_264550,999900,INR,wallet,captured,cust_6253,2026-07-07 18:56:00
TXN1376,order_333524,499900,INR,wallet,captured,cust_8341,2026-07-10 16:55:00
TXN1377,order_431414,19900,INR,wallet,captured,cust_7755,2026-07-15 03:59:00
TXN1378,order_480992,9900,INR,card,captured,cust_8751,2026-07-08 09:39:00
TXN1379,order_219562,19900,INR,card,captured,cust_5783,2026-08-31 13:38:00
TXN1380,order_211486,9900,INR,card,captured,cust_7704,2026-07-31 19:08:00
TXN1381,order_305438,49900,INR,upi,captured,cust_4122,2026-07-03 11:47:00
TXN1382,order_978146,19900,INR,wallet,captured,cust_3205,2026-08-02 02:23:00
TXN1383,order_150931,499900,INR,emi,captured,cust_3903,2026-08-01 07:11:00
TXN1384,order_789461,199900,INR,emi,captured,cust_5067,2026-07-06 11:34:00
TXN1385,order_532794,99900,INR,emi,captured,cust_4560,2026-07-07 13:15:00
TXN1386,order_849086,99900,INR,netbanking,captured,cust_3913,2026-07-04 02:52:00
TXN1387,order_603704,499900,INR,emi,captured,cust_2744,2026-08-13 10:09:00
TXN1388,order_802812,9900,INR,card,captured,cust_3399,2026-08-14 18:42:00
TXN1389,order_313910,9900,INR,netbanking,captured,cust_4675,2026-07-10 09:54:00
TXN1390,order_922405,99900,INR,upi,captured,cust_6122,2026-07-03 11:36:00
TXN1391,order_312952,999900,INR,card,captured,cust_7025,2026-07-04 03:15:00
TXN1392,order_408467,999900,INR,card,captured,cust_9418,2026-07-19 21:49:00
TXN1393,order_377075,29900,INR,card,captured,cust_3536,2026-07-25 16:00:00
TXN1394,order_928278,199900,INR,upi,captured,cust_4012,2026-07-12 01:40:00
TXN1395,order_663123,499900,INR,upi,captured,cust_6437,2026-08-09 16:04:00
TXN1396,order_889216,999900,INR,emi,captured,cust_6668,2026-07-10 04:00:00
TXN1397,order_499898,19900,INR,wallet,captured,cust_9468,2026-08-15 06:14:00
TXN1398,order_145981,99900,INR,card,captured,cust_3742,2026-08-11 07:55:00
TXN1399,order_802897,49900,INR,wallet,captured,cust_8130,2026-07-09 20:47:00
TXN1400,order_851690,199900,INR,upi,captured,cust_5127,2026-08-26 21:57:00
TXN1401,order_573039,499900,INR,wallet,captured,cust_9762,2026-08-11 23:36:00
TXN1402,order_748386,19900,INR,emi,captured,cust_9238,2026-08-29 01:06:00
TXN1403,order_190707,99900,INR,wallet,captured,cust_8765,2026-08-07 11:08:00
TXN1404,order_243006,499900,INR,emi,captured,cust_7113,2026-08-13 03:51:00
TXN1405,order_143802,9900,INR,emi,captured,cust_2394,2026-07-24 11:26:00
TXN1406,order_532699,29900,INR,card,captured,cust_4183,2026-08-20 16:21:00
TXN1407,order_803571,9900,INR,emi,captured,cust_2103,2026-08-02 03:25:00
TXN1408,order_708798,999900,INR,netbanking,captured,cust_2639,2026-08-09 19:18:00
TXN1409,order_302897,199900,INR,wallet,captured,cust_3496,2026-08-03 13:21:00
TXN1410,order_276831,9900,INR,netbanking,captured,cust_8145,2026-08-16 16:15:00
TXN1411,order_812591,199900,INR,wallet,captured,cust_8978,2026-08-02 09:38:00
TXN1412,order_966589,29900,INR,emi,captured,cust_2252,2026-08-19 15:14:00
TXN1413,order_762308,9900,INR,emi,captured,cust_1600,2026-07-25 11:11:00
TXN1414,order_595036,29900,INR,netbanking,captured,cust_5767,2026-08-06 16:03:00
TXN1415,order_481540,9900,INR,card,captured,cust_9423,2026-07-08 04:17:00
TXN1416,order_693868,29900,INR,wallet,captured,cust_8989,2026-07-02 12:58:00
TXN1417,order_345386,9900,INR,card,captured,cust_8448,2026-07-29 12:36:00
TXN1418,order_837920,99900,INR,netbanking,captured,cust_7201,2026-07-25 06:24:00
TXN1419,order_494609,49900,INR,emi,captured,cust_8976,2026-08-06 12:08:00
TXN1420,order_106918,29900,INR,wallet,captured,cust_5600,2026-08-21 16:56:00
TXN1421,order_479818,19900,INR,card,captured,cust_8844,2026-08-05 13:14:00
TXN1422,order_355506,9900,INR,card,captured,cust_9399,2026-07-26 05:50:00
TXN1423,order_370804,29900,INR,emi,captured,cust_5644,2026-08-06 04:24:00
TXN1424,order_735988,999900,INR,wallet,captured,cust_3338,2026-08-21 16:07:00
TXN1425,order_859364,199900,INR,wallet,captured,cust_7315,2026-07-24 05:56:00
TXN1426,order_648102,499900,INR,card,captured,cust_1639,2026-07-24 20:49:00
TXN1427,order_236659,9900,INR,wallet,captured,cust_9680,2026-07-29 10:37:00
TXN1428,order_467544,19900,INR,wallet,captured,cust_2373,2026-08-23 15:30:00
TXN1429,order_298202,9900,INR,upi,captured,cust_7144,2026-07-26 07:53:00
TXN1430,order_211760,29900,INR,wallet,captured,cust_9783,2026-07-21 05:44:00
TXN1431,order_388946,499900,INR,card,captured,cust_3928,2026-08-05 06:10:00
TXN1432,order_607259,99900,INR,netbanking,captured,cust_3262,2026-07-26 12:11:00
TXN1433,order_568288,29900,INR,upi,captured,cust_1852,2026-08-18 07:35:00
TXN1434,order_963245,29900,INR,wallet,captured,cust_5310,2026-07-03 04:33:00
TXN1435,order_139589,499900,INR,wallet,captured,cust_1941,2026-07-23 03:27:00
TXN1436,order_111230,49900,INR,emi,captured,cust_9364,2026-08-13 17:58:00
TXN1437,order_350878,9900,INR,card,captured,cust_7474,2026-08-26 15:11:00
TXN1438,order_116112,19900,INR,upi,captured,cust_6703,2026-07-27 14:14:00
TXN1439,order_337288,49900,INR,wallet,captured,cust_3867,2026-07-03 11:24:00
TXN1440,order_175902,99900,INR,netbanking,captured,cust_5222,2026-07-02 20:09:00
TXN1441,order_690525,999900,INR,card,captured,cust_8548,2026-07-14 13:11:00
TXN1442,order_170835,499900,INR,card,captured,cust_7757,2026-07-19 01:46:00
TXN1443,order_360316,99900,INR,upi,captured,cust_2245,2026-08-06 02:13:00
TXN1444,order_429119,199900,INR,card,captured,cust_4115,2026-07-05 05:43:00
TXN1445,order_871153,49900,INR,netbanking,captured,cust_6833,2026-08-18 16:48:00
TXN1446,order_225701,19900,INR,wallet,captured,cust_1692,2026-07-23 23:12:00
TXN1447,order_750817,199900,INR,wallet,captured,cust_3996,2026-07-05 05:05:00
TXN1448,order_234475,9900,INR,emi,captured,cust_1533,2026-07-11 10:30:00
TXN1449,order_832162,999900,INR,netbanking,captured,cust_7216,2026-07-19 00:00:00
TXN1450,order_742544,99900,INR,card,captured,cust_6621,2026-07-27 15:45:00
TXN1451,order_320759,499900,INR,netbanking,captured,cust_3148,2026-08-08 11:43:00
TXN1452,order_383062,49900,INR,emi,captured,cust_3450,2026-08-04 11:48:00
TXN1453,order_541996,999900,INR,card,captured,cust_6172,2026-07-05 03:27:00
TXN1454,order_695417,9900,INR,wallet,captured,cust_5166,2026-08-25 01:50:00
TXN1455,order_450912,99900,INR,netbanking,captured,cust_5222,2026-08-08 06:25:00
TXN1456,order_468145,49900,INR,emi,captured,cust_5663,2026-07-26 03:19:00
TXN1457,order_568640,19900,INR,wallet,captured,cust_3373,2026-07-23 14:31:00
TXN1458,order_542306,499900,INR,upi,captured,cust_6191,2026-08-26 18:39:00
TXN1459,order_775958,499900,INR,netbanking,captured,cust_6950,2026-07-06 09:11:00
TXN1460,order_275445,29900,INR,upi,captured,cust_2311,2026-08-23 00:45:00
TXN1461,order_208013,19900,INR,upi,captured,cust_7504,2026-07-03 08:25:00
TXN1462,order_262816,19900,INR,wallet,captured,cust_8260,2026-08-12 16:45:00
TXN1463,order_979249,29900,INR,upi,captured,cust_6328,2026-08-29 02:38:00
TXN1464,order_666843,99900,INR,emi,captured,cust_8480,2026-08-03 19:16:00
TXN1465,order_338161,19900,INR,wallet,captured,cust_5973,2026-08-12 12:34:00
TXN1466,order_460589,99900,INR,wallet,captured,cust_8816,2026-07-28 23:16:00
TXN1467,order_297731,499900,INR,emi,captured,cust_7385,2026-08-04 11:45:00
TXN1468,order_542750,49900,INR,emi,captured,cust_5454,2026-07-14 04:09:00
TXN1469,order_657783,99900,INR,wallet,captured,cust_2808,2026-08-19 21:49:00
TXN1470,order_834498,999900,INR,card,captured,cust_9764,2026-08-11 23:51:00
TXN1471,order_231113,999900,INR,upi,captured,cust_4558,2026-08-17 21:51:00
TXN1472,order_489438,999900,INR,upi,captured,cust_3393,2026-08-10 21:07:00
TXN1473,order_592984,29900,INR,card,captured,cust_1206,2026-07-05 15:08:00
TXN1474,order_908688,999900,INR,card,captured,cust_2539,2026-07-15 22:48:00
TXN1475,order_427270,199900,INR,card,captured,cust_9534,2026-07-22 00:58:00
TXN1476,order_769536,99900,INR,card,captured,cust_2850,2026-08-08 22:05:00
TXN1477,order_440277,9900,INR,card,captured,cust_4982,2026-07-12 15:23:00
TXN1478,order_921533,999900,INR,emi,captured,cust_3583,2026-08-22 12:11:00
TXN1479,order_454861,9900,INR,upi,captured,cust_2759,2026-08-09 03:51:00
TXN1480,order_432125,199900,INR,wallet,captured,cust_6868,2026-07-16 17:59:00
TXN1481,order_608876,999900,INR,emi,captured,cust_4057,2026-08-13 06:16:00
TXN1482,order_681456,29900,INR,upi,captured,cust_5314,2026-07-29 19:32:00
TXN1483,order_630535,499900,INR,card,captured,cust_4912,2026-07-06 23:21:00
TXN1484,order_166418,499900,INR,card,captured,cust_3525,2026-07-29 02:29:00
TXN1485,order_200932,19900,INR,upi,captured,cust_4310,2026-07-09 19:49:00
TXN1486,order_133362,499900,INR,wallet,captured,cust_1804,2026-07-29 04:16:00
TXN1487,order_852715,19900,INR,upi,captured,cust_2310,2026-07-03 17:19:00
TXN1488,order_879592,499900,INR,netbanking,captured,cust_5355,2026-07-12 01:57:00
TXN1489,order_173807,99900,INR,upi,captured,cust_4784,2026-07-02 17:27:00
TXN1490,order_788784,49900,INR,emi,captured,cust_7802,2026-07-22 18:25:00
TXN1491,order_475351,999900,INR,wallet,captured,cust_7579,2026-07-06 20:50:00
TXN1492,order_430463,199900,INR,netbanking,captured,cust_6299,2026-08-05 03:33:00
TXN1493,order_672130,49900,INR,wallet,captured,cust_6898,2026-07-13 06:01:00
TXN1494,order_100205,9900,INR,netbanking,captured,cust_5945,2026-07-24 23:27:00
TXN1495,order_122755,99900,INR,emi,captured,cust_3534,2026-07-30 06:24:00
TXN1496,order_263690,29900,INR,netbanking,captured,cust_5920,2026-08-08 05:45:00
TXN1497,order_327999,19900,INR,netbanking,captured,cust_2562,2026-07-12 08:49:00
TXN1498,order_500080,19900,INR,upi,captured,cust_8115,2026-07-04 13:38:00
TXN1499,order_784488,9900,INR,wallet,captured,cust_9846,2026-08-28 14:27:00
TXN1500,order_152973,499900,INR,wallet,captured,cust_4638,2026-07-14 04:24:00
TXN1501,order_452497,19900,INR,wallet,captured,cust_5301,2026-07-26 00:57:00
TXN1502,order_604283,49900,INR,wallet,captured,cust_9589,2026-08-06 03:24:00
TXN1503,order_914504,499900,INR,netbanking,captured,cust_7776,2026-07-19 05:55:00
TXN1504,order_436318,199900,INR,emi,captured,cust_6729,2026-07-21 23:11:00
TXN1505,order_147057,49900,INR,card,captured,cust_2405,2026-07-19 12:51:00
TXN1506,order_827497,19900,INR,netbanking,captured,cust_9814,2026-08-03 08:59:00
TXN1507,order_795759,9900,INR,netbanking,captured,cust_5444,2026-08-21 22:42:00
TXN1508,order_507523,99900,INR,netbanking,captured,cust_7332,2026-07-07 20:59:00
TXN1509,order_844162,19900,INR,netbanking,captured,cust_4258,2026-07-31 04:26:00
TXN1510,order_359409,99900,INR,netbanking,captured,cust_6681,2026-07-31 11:13:00
TXN1511,order_389279,9900,INR,netbanking,failed,cust_1482,2026-07-06 11:04:00
TXN1512,order_681896,99900,INR,card,captured,cust_3248,2026-08-22 13:03:00
TXN1513,order_810929,49900,INR,wallet,captured,cust_6118,2026-08-16 05:51:00
TXN1514,order_245308,49900,INR,card,captured,cust_3215,2026-08-12 01:15:00
TXN1515,order_171108,19900,INR,card,captured,cust_6221,2026-08-11 19:14:00
TXN1516,order_564523,99900,INR,card,captured,cust_1429,2026-07-13 17:54:00
TXN1517,order_343461,49900,INR,upi,captured,cust_3196,2026-08-09 21:16:00
TXN1518,order_615318,999900,INR,card,captured,cust_1245,2026-08-21 17:46:00
TXN1519,order_878427,49900,INR,card,captured,cust_8197,2026-08-27 18:01:00
TXN1520,order_358771,499900,INR,wallet,captured,cust_7232,2026-07-13 22:22:00
TXN1521,order_878533,9900,INR,emi,captured,cust_1694,2026-08-25 09:31:00
TXN1522,order_663996,499900,INR,upi,captured,cust_1807,2026-07-27 11:27:00
TXN1523,order_274573,499900,INR,netbanking,captured,cust_3330,2026-07-23 22:16:00
TXN1524,order_624977,19900,INR,card,captured,cust_3216,2026-07-13 05:03:00
TXN1525,order_572788,9900,INR,card,captured,cust_4308,2026-08-02 05:03:00
TXN1526,order_439817,29900,INR,upi,captured,cust_6946,2026-08-26 20:15:00
TXN1527,order_677079,499900,INR,upi,captured,cust_3459,2026-07-13 18:02:00
TXN1528,order_906519,9900,INR,wallet,captured,cust_8311,2026-08-12 14:14:00
TXN1529,order_902575,99900,INR,upi,captured,cust_1094,2026-08-02 08:06:00
TXN1530,order_791505,999900,INR,wallet,captured,cust_1107,2026-08-05 09:55:00
TXN1531,order_749871,49900,INR,upi,captured,cust_1601,2026-08-20 19:57:00
TXN1532,order_706174,99900,INR,netbanking,captured,cust_3920,2026-07-04 21:57:00
TXN1533,order_793029,29900,INR,wallet,captured,cust_2525,2026-07-15 05:37:00
TXN1534,order_960109,19900,INR,wallet,captured,cust_3204,2026-07-09 06:56:00
TXN1535,order_533856,49900,INR,card,captured,cust_9666,2026-07-23 22:54:00
TXN1536,order_822106,99900,INR,wallet,captured,cust_6797,2026-07-24 13:44:00
TXN1537,order_739008,49900,INR,netbanking,captured,cust_2932,2026-08-19 23:53:00
TXN1538,order_147702,199900,INR,netbanking,captured,cust_4296,2026-07-27 03:47:00
TXN1539,order_631302,199900,INR,upi,captured,cust_1477,2026-08-24 02:39:00
TXN1540,order_805139,999900,INR,wallet,captured,cust_3545,2026-07-11 22:19:00
TXN1541,order_878656,9900,INR,emi,captured,cust_9779,2026-08-12 05:14:00
TXN1542,order_818791,199900,INR,netbanking,captured,cust_6556,2026-08-27 19:43:00
TXN1543,order_660226,29900,INR,emi,captured,cust_6050,2026-07-24 11:49:00
TXN1544,order_384685,499900,INR,upi,captured,cust_5958,2026-07-31 16:37:00
TXN1545,order_217683,199900,INR,upi,captured,cust_9290,2026-07-13 17:02:00
TXN1546,order_261562,49900,INR,netbanking,captured,cust_6084,2026-07-03 08:14:00
TXN1547,order_809589,29900,INR,card,captured,cust_9558,2026-07-16 22:31:00
TXN1548,order_820426,19900,INR,netbanking,captured,cust_6119,2026-08-02 22:54:00
TXN1549,order_310297,49900,INR,netbanking,captured,cust_2927,2026-08-14 06:40:00
TXN1550,order_753205,19900,INR,card,captured,cust_3319,2026-07-28 12:25:00
TXN1551,order_174703,99900,INR,emi,captured,cust_3131,2026-07-05 13:26:00
TXN1552,order_502233,9900,INR,upi,captured,cust_8304,2026-08-04 11:49:00
TXN1553,order_957150,49900,INR,emi,captured,cust_8672,2026-08-26 09:24:00
TXN1554,order_775721,999900,INR,wallet,captured,cust_5227,2026-08-17 16:51:00
TXN1555,order_292259,199900,INR,netbanking,captured,cust_2849,2026-08-02 08:59:00
TXN1556,order_395968,199900,INR,emi,captured,cust_2752,2026-07-26 19:28:00
TXN1557,order_533525,49900,INR,emi,captured,cust_7288,2026-08-16 06:50:00
TXN1558,order_694764,199900,INR,emi,captured,cust_2276,2026-07-18 16:49:00
TXN1559,order_725030,999900,INR,netbanking,captured,cust_6046,2026-07-27 20:08:00
TXN1560,order_818807,499900,INR,netbanking,captured,cust_4565,2026-07-31 03:18:00
TXN1561,order_405663,499900,INR,emi,captured,cust_6187,2026-07-26 09:48:00
TXN1562,order_741194,499900,INR,card,captured,cust_9992,2026-07-08 14:57:00
TXN1563,order_960622,199900,INR,upi,captured,cust_8073,2026-07-07 14:05:00
TXN1564,order_501384,499900,INR,wallet,captured,cust_8780,2026-08-04 06:47:00
TXN1565,order_503277,199900,INR,wallet,captured,cust_3200,2026-08-22 14:05:00
TXN1566,order_116470,29900,INR,wallet,captured,cust_7813,2026-07-20 10:52:00
TXN1567,order_288531,999900,INR,emi,captured,cust_6821,2026-08-04 06:08:00
TXN1568,order_107790,999900,INR,card,captured,cust_9948,2026-07-17 07:43:00
TXN1569,order_839122,199900,INR,upi,captured,cust_9624,2026-07-25 08:16:00
TXN1570,order_192742,49900,INR,wallet,captured,cust_2279,2026-07-22 00:18:00
TXN1571,order_916344,9900,INR,wallet,captured,cust_6431,2026-08-02 07:03:00
TXN1572,order_137042,99900,INR,emi,captured,cust_3770,2026-08-15 22:20:00
TXN1573,order_186518,29900,INR,emi,captured,cust_5603,2026-08-27 15:44:00
TXN1574,order_877444,19900,INR,emi,captured,cust_8317,2026-08-20 05:13:00
TXN1575,order_920539,49900,INR,wallet,captured,cust_2382,2026-08-20 07:05:00
TXN1576,order_889327,499900,INR,wallet,captured,cust_3740,2026-08-16 02:32:00
TXN1577,order_982725,199900,INR,upi,captured,cust_1860,2026-07-21 15:12:00
TXN1578,order_518114,999900,INR,netbanking,captured,cust_4828,2026-08-01 00:12:00
TXN1579,order_252200,499900,INR,upi,captured,cust_9687,2026-08-13 09:36:00
TXN1580,order_768387,199900,INR,wallet,captured,cust_5429,2026-07-23 03:06:00
TXN1581,order_786128,499900,INR,wallet,captured,cust_4193,2026-07-13 02:13:00
TXN1582,order_674213,9900,INR,upi,captured,cust_9605,2026-07-09 22:00:00
TXN1583,order_330074,99900,INR,netbanking,captured,cust_1931,2026-08-19 22:59:00
TXN1584,order_227706,19900,INR,upi,captured,cust_4027,2026-07-08 04:52:00
TXN1585,order_408877,999900,INR,upi,failed,cust_7995,2026-07-22 09:01:00
TXN1586,order_825846,199900,INR,netbanking,captured,cust_7271,2026-08-21 21:43:00
TXN1587,order_286572,999900,INR,upi,captured,cust_9061,2026-07-31 17:21:00
TXN1588,order_743790,19900,INR,wallet,captured,cust_2153,2026-07-17 15:54:00
TXN1589,order_621877,29900,INR,upi,captured,cust_3483,2026-07-03 22:18:00
TXN1590,order_103883,999900,INR,wallet,captured,cust_2148,2026-08-04 11:06:00
TXN1591,order_822742,999900,INR,upi,failed,cust_6463,2026-07-26 06:01:00
TXN1592,order_814956,99900,INR,wallet,captured,cust_9759,2026-08-28 03:19:00
TXN1593,order_312987,29900,INR,emi,captured,cust_7391,2026-08-29 11:18:00
TXN1594,order_763529,999900,INR,card,captured,cust_4907,2026-08-23 22:48:00
TXN1595,order_774661,99900,INR,wallet,captured,cust_1918,2026-07-28 09:59:00
TXN1596,order_321960,999900,INR,emi,captured,cust_2180,2026-08-22 00:23:00
TXN1597,order_785592,9900,INR,wallet,captured,cust_3138,2026-07-04 04:58:00
TXN1598,order_740916,29900,INR,emi,captured,cust_4613,2026-08-27 20:53:00
TXN1599,order_453729,499900,INR,netbanking,captured,cust_6268,2026-08-24 02:24:00
TXN1600,order_281873,199900,INR,upi,captured,cust_3753,2026-08-24 15:51:00
TXN1601,order_142675,29900,INR,upi,captured,cust_3584,2026-07-12 03:21:00
TXN1602,order_106658,9900,INR,card,captured,cust_5648,2026-07-03 21:15:00
TXN1603,order_825990,29900,INR,card,captured,cust_7750,2026-08-22 03:43:00
TXN1604,order_825272,9900,INR,emi,captured,cust_2442,2026-08-20 01:29:00
TXN1605,order_104792,49900,INR,card,captured,cust_9842,2026-08-24 07:54:00
TXN1606,order_791354,49900,INR,netbanking,captured,cust_8772,2026-08-28 17:53:00
TXN1607,order_481884,99900,INR,card,captured,cust_8424,2026-08-04 15:39:00
TXN1608,order_155004,29900,INR,card,captured,cust_2160,2026-07-12 23:29:00
TXN1609,order_707924,199900,INR,wallet,captured,cust_4769,2026-08-19 00:17:00
TXN1610,order_348636,499900,INR,card,captured,cust_8936,2026-08-07 16:56:00
TXN1611,order_326665,999900,INR,card,captured,cust_4181,2026-08-07 12:52:00
TXN1612,order_452207,29900,INR,upi,captured,cust_2820,2026-07-18 05:57:00
TXN1613,order_897273,199900,INR,card,captured,cust_3784,2026-07-06 14:22:00
TXN1614,order_612977,49900,INR,emi,captured,cust_8014,2026-08-01 09:43:00
TXN1615,order_707615,49900,INR,emi,captured,cust_1083,2026-07-02 19:02:00
TXN1616,order_593515,9900,INR,wallet,captured,cust_2605,2026-07-29 11:30:00
TXN1617,order_826830,499900,INR,card,captured,cust_2486,2026-08-23 12:42:00
TXN1618,order_581592,9900,INR,wallet,captured,cust_4030,2026-08-02 19:05:00
TXN1619,order_838094,9900,INR,upi,captured,cust_5859,2026-08-07 01:39:00
TXN1620,order_742254,49900,INR,upi,captured,cust_9433,2026-07-23 13:13:00
TXN1621,order_501557,199900,INR,wallet,captured,cust_2097,2026-07-23 22:37:00
TXN1622,order_219073,999900,INR,emi,captured,cust_4693,2026-07-07 01:47:00
TXN1623,order_157105,19900,INR,netbanking,captured,cust_3010,2026-08-09 09:29:00
TXN1624,order_486028,19900,INR,card,captured,cust_3929,2026-07-05 09:55:00
TXN1625,order_389346,19900,INR,card,captured,cust_1371,2026-07-31 19:05:00
TXN1626,order_463541,499900,INR,wallet,captured,cust_2031,2026-07-15 03:59:00
TXN1627,order_706815,199900,INR,netbanking,captured,cust_9986,2026-07-31 05:18:00
TXN1628,order_694806,29900,INR,netbanking,captured,cust_5720,2026-08-21 15:46:00
TXN1629,order_578073,29900,INR,emi,captured,cust_3986,2026-07-03 18:15:00
TXN1630,order_222596,9900,INR,netbanking,captured,cust_4022,2026-07-26 19:32:00
TXN1631,order_460549,29900,INR,netbanking,captured,cust_2990,2026-08-03 06:50:00
TXN1632,order_874368,199900,INR,netbanking,captured,cust_3409,2026-08-01 14:12:00
TXN1633,order_521139,49900,INR,wallet,captured,cust_4197,2026-08-09 21:40:00
TXN1634,order_123643,19900,INR,emi,captured,cust_2431,2026-07-08 09:17:00
TXN1635,order_433193,9900,INR,netbanking,captured,cust_7056,2026-08-06 19:15:00
TXN1636,order_112782,99900,INR,netbanking,captured,cust_2435,2026-08-09 14:32:00
TXN1637,order_402654,29900,INR,wallet,captured,cust_2410,2026-07-16 10:52:00
TXN1638,order_417960,999900,INR,emi,captured,cust_7156,2026-08-10 21:01:00
TXN1639,order_682813,999900,INR,emi,captured,cust_7254,2026-07-14 19:48:00
TXN1640,order_962767,99900,INR,emi,captured,cust_4678,2026-08-12 08:25:00
TXN1641,order_375436,99900,INR,wallet,captured,cust_7834,2026-08-24 03:18:00
TXN1642,order_901865,99900,INR,wallet,captured,cust_8872,2026-08-27 04:13:00
TXN1643,order_819231,999900,INR,upi,captured,cust_5252,2026-08-08 07:14:00
TXN1644,order_253235,199900,INR,wallet,captured,cust_1866,2026-07-06 01:52:00
TXN1645,order_473276,9900,INR,netbanking,captured,cust_9419,2026-08-13 07:20:00
TXN1646,order_670123,199900,INR,netbanking,captured,cust_6939,2026-07-10 02:09:00
TXN1647,order_643341,99900,INR,netbanking,captured,cust_3671,2026-07-13 08:34:00
TXN1648,order_331854,49900,INR,emi,captured,cust_9717,2026-07-23 01:07:00
TXN1649,order_222227,29900,INR,upi,captured,cust_3277,2026-08-01 12:41:00
TXN1650,order_900681,199900,INR,card,captured,cust_2943,2026-07-17 14:59:00
TXN1651,order_249274,49900,INR,netbanking,captured,cust_7960,2026-08-23 17:52:00
TXN1652,order_144582,49900,INR,upi,captured,cust_8685,2026-08-29 02:28:00
TXN1653,order_169465,99900,INR,upi,captured,cust_4365,2026-07-14 20:10:00
TXN1654,order_252627,99900,INR,emi,captured,cust_4962,2026-08-09 12:50:00
TXN1655,order_959398,9900,INR,emi,captured,cust_3814,2026-08-18 01:48:00
TXN1656,order_806242,19900,INR,card,captured,cust_9425,2026-07-09 12:36:00
TXN1657,order_229620,999900,INR,upi,captured,cust_5723,2026-07-29 19:29:00
TXN1658,order_397388,999900,INR,emi,captured,cust_8273,2026-07-15 14:17:00
TXN1659,order_998392,19900,INR,wallet,captured,cust_9055,2026-07-02 02:37:00
TXN1660,order_790537,19900,INR,upi,captured,cust_2666,2026-08-22 11:35:00
TXN1661,order_308757,199900,INR,card,captured,cust_7958,2026-07-24 11:53:00
TXN1662,order_799061,499900,INR,wallet,captured,cust_2770,2026-07-30 15:51:00
TXN1663,order_241147,9900,INR,upi,captured,cust_1438,2026-07-15 22:07:00
TXN1664,order_417459,19900,INR,upi,captured,cust_8635,2026-07-20 07:11:00
TXN1665,order_374375,199900,INR,emi,captured,cust_8051,2026-07-28 23:12:00
TXN1666,order_994303,499900,INR,wallet,captured,cust_5965,2026-08-02 22:58:00
TXN1667,order_427637,499900,INR,wallet,captured,cust_9837,2026-07-14 20:24:00
TXN1668,order_995852,29900,INR,emi,captured,cust_7189,2026-08-28 11:44:00
TXN1669,order_129514,9900,INR,card,captured,cust_1440,2026-07-09 12:38:00
TXN1670,order_531939,199900,INR,upi,captured,cust_6113,2026-07-20 16:45:00
TXN1671,order_278026,9900,INR,emi,captured,cust_7921,2026-08-11 22:31:00
TXN1672,order_829765,999900,INR,emi,captured,cust_6282,2026-08-30 13:36:00
TXN1673,order_824423,49900,INR,netbanking,captured,cust_6563,2026-07-31 07:09:00
TXN1674,order_766311,19900,INR,emi,captured,cust_7586,2026-08-18 14:44:00
TXN1675,order_985194,19900,INR,emi,captured,cust_9700,2026-08-10 15:56:00
TXN1676,order_464187,19900,INR,netbanking,captured,cust_6133,2026-07-30 14:33:00
TXN1677,order_363470,999900,INR,emi,captured,cust_4056,2026-08-20 23:20:00
TXN1678,order_963930,999900,INR,netbanking,captured,cust_8106,2026-07-03 03:26:00
TXN1679,order_352050,29900,INR,netbanking,captured,cust_2055,2026-07-08 10:34:00
TXN1680,order_963723,99900,INR,card,captured,cust_4907,2026-08-15 02:22:00
TXN1681,order_357516,99900,INR,wallet,captured,cust_1606,2026-07-31 06:33:00
TXN1682,order_130557,99900,INR,netbanking,captured,cust_1691,2026-07-20 06:49:00
TXN1683,order_188006,199900,INR,emi,captured,cust_6954,2026-08-12 21:03:00
TXN1684,order_217369,19900,INR,emi,captured,cust_5125,2026-07-20 05:11:00
TXN1685,order_728958,19900,INR,netbanking,captured,cust_4865,2026-08-10 05:13:00
TXN1686,order_283662,49900,INR,netbanking,captured,cust_1916,2026-08-03 10:44:00
TXN1687,order_492906,19900,INR,netbanking,captured,cust_5550,2026-07-28 10:30:00
TXN1688,order_850435,199900,INR,netbanking,captured,cust_1895,2026-08-30 03:03:00
TXN1689,order_503376,99900,INR,netbanking,captured,cust_4872,2026-07-05 02:53:00
TXN1690,order_367946,99900,INR,upi,captured,cust_3625,2026-07-03 16:41:00
TXN1691,order_526024,9900,INR,netbanking,captured,cust_9055,2026-07-07 21:08:00
TXN1692,order_731364,199900,INR,wallet,captured,cust_4010,2026-07-18 23:12:00
TXN1693,order_309794,99900,INR,netbanking,captured,cust_9460,2026-07-26 21:53:00
TXN1694,order_573421,999900,INR,card,captured,cust_6367,2026-08-15 18:17:00
TXN1695,order_534631,199900,INR,card,captured,cust_4677,2026-08-06 11:07:00
TXN1696,order_778540,49900,INR,upi,captured,cust_3764,2026-08-02 17:44:00
TXN1697,order_549737,99900,INR,card,captured,cust_2922,2026-08-26 12:50:00
TXN1698,order_335388,49900,INR,card,captured,cust_7259,2026-07-02 15:42:00
TXN1699,order_729232,49900,INR,netbanking,captured,cust_7693,2026-07-16 02:48:00
TXN1700,order_346924,999900,INR,card,captured,cust_2404,2026-08-08 05:17:00
TXN1701,order_438947,499900,INR,card,captured,cust_5198,2026-07-17 11:15:00
TXN1702,order_154644,199900,INR,card,captured,cust_1745,2026-08-01 12:22:00
TXN1703,order_513869,199900,INR,card,captured,cust_5264,2026-07-05 06:58:00
TXN1704,order_455652,999900,INR,card,captured,cust_3323,2026-08-26 13:15:00
TXN1705,order_234082,999900,INR,netbanking,captured,cust_5312,2026-07-15 12:01:00
TXN1706,order_272998,199900,INR,wallet,captured,cust_8208,2026-07-14 19:25:00
TXN1707,order_255840,9900,INR,card,captured,cust_8653,2026-08-20 22:30:00
TXN1708,order_473838,999900,INR,wallet,captured,cust_3425,2026-07-31 20:06:00
TXN1709,order_313630,99900,INR,card,captured,cust_5469,2026-07-09 18:13:00
TXN1710,order_904098,29900,INR,wallet,captured,cust_2545,2026-07-04 21:45:00
TXN1711,order_491704,19900,INR,netbanking,captured,cust_8861,2026-08-22 23:55:00
TXN1712,order_145976,999900,INR,netbanking,captured,cust_3118,2026-07-02 00:14:00
TXN1713,order_396698,199900,INR,upi,captured,cust_7248,2026-07-15 21:25:00
TXN1714,order_351742,499900,INR,upi,captured,cust_7592,2026-08-30 17:50:00
TXN1715,order_614688,499900,INR,netbanking,captured,cust_2574,2026-07-05 02:22:00
TXN1716,order_567080,499900,INR,wallet,captured,cust_7922,2026-08-14 05:22:00
TXN1717,order_761322,499900,INR,upi,captured,cust_4673,2026-08-29 07:39:00
TXN1718,order_558600,19900,INR,wallet,captured,cust_5921,2026-08-12 19:52:00
TXN1719,order_409834,9900,INR,emi,captured,cust_7961,2026-08-27 22:28:00
TXN1720,order_855299,99900,INR,netbanking,captured,cust_1266,2026-08-15 05:55:00
TXN1721,order_983855,499900,INR,upi,captured,cust_6143,2026-08-26 10:04:00
TXN1722,order_754112,99900,INR,netbanking,captured,cust_5248,2026-07-04 18:47:00
TXN1723,order_222346,9900,INR,card,captured,cust_8974,2026-07-21 08:31:00
TXN1724,order_478251,499900,INR,netbanking,captured,cust_2833,2026-08-26 19:52:00
TXN1725,order_780130,29900,INR,card,captured,cust_4127,2026-08-04 03:06:00
TXN1726,order_542372,9900,INR,upi,captured,cust_8947,2026-08-21 19:13:00
TXN1727,order_713654,49900,INR,card,captured,cust_1834,2026-08-13 05:07:00
TXN1728,order_207650,499900,INR,wallet,captured,cust_5764,2026-07-08 08:13:00
TXN1729,order_609713,999900,INR,card,captured,cust_6174,2026-07-17 22:27:00
TXN1730,order_222621,999900,INR,emi,captured,cust_8147,2026-07-02 03:38:00
TXN1731,order_301537,999900,INR,netbanking,captured,cust_6556,2026-08-03 16:28:00
TXN1732,order_973548,199900,INR,wallet,captured,cust_2412,2026-07-11 18:21:00
TXN1733,order_263907,999900,INR,upi,captured,cust_4431,2026-07-12 10:29:00
TXN1734,order_373477,199900,INR,card,captured,cust_6533,2026-08-20 07:58:00
TXN1735,order_334981,999900,INR,netbanking,captured,cust_5382,2026-08-10 12:11:00
TXN1736,order_982478,19900,INR,upi,captured,cust_2669,2026-07-12 04:21:00
TXN1737,order_406313,999900,INR,emi,captured,cust_6959,2026-07-31 00:05:00
TXN1738,order_989816,49900,INR,wallet,captured,cust_8760,2026-08-05 23:45:00
TXN1739,order_629554,29900,INR,upi,captured,cust_6908,2026-08-14 12:15:00
TXN1740,order_533491,499900,INR,wallet,captured,cust_1487,2026-07-02 07:10:00
TXN1741,order_852485,19900,INR,upi,captured,cust_3692,2026-08-10 13:35:00
TXN1742,order_772625,29900,INR,emi,captured,cust_9516,2026-08-28 03:15:00
TXN1743,order_878774,199900,INR,netbanking,captured,cust_3406,2026-08-31 15:03:00
TXN1744,order_462021,499900,INR,card,captured,cust_6480,2026-07-06 14:55:00
TXN1745,order_636526,99900,INR,emi,captured,cust_9846,2026-08-10 03:50:00
TXN1746,order_543281,19900,INR,upi,captured,cust_6807,2026-07-09 12:44:00
TXN1747,order_230809,999900,INR,netbanking,captured,cust_4868,2026-07-26 01:00:00
TXN1748,order_799318,29900,INR,wallet,captured,cust_9461,2026-07-29 00:45:00
TXN1749,order_253672,499900,INR,wallet,captured,cust_3130,2026-08-26 21:57:00
TXN1750,order_487233,499900,INR,emi,captured,cust_5320,2026-07-27 07:11:00
TXN1751,order_822487,999900,INR,wallet,captured,cust_8942,2026-07-10 18:51:00
TXN1752,order_134191,29900,INR,emi,captured,cust_2807,2026-08-08 20:22:00
TXN1753,order_699538,99900,INR,upi,captured,cust_7135,2026-07-29 19:53:00
TXN1754,order_929637,29900,INR,card,captured,cust_5999,2026-07-12 05:34:00
TXN1755,order_612537,9900,INR,upi,captured,cust_7841,2026-07-27 12:56:00
TXN1756,order_574348,199900,INR,wallet,captured,cust_3269,2026-08-01 00:07:00
TXN1757,order_570888,29900,INR,netbanking,captured,cust_7344,2026-08-26 04:18:00
TXN1758,order_667273,9900,INR,wallet,captured,cust_3713,2026-07-15 15:19:00
TXN1759,order_776498,19900,INR,emi,captured,cust_1866,2026-08-26 17:21:00
TXN1760,order_119570,19900,INR,emi,captured,cust_5018,2026-08-20 23:43:00
TXN1761,order_147168,999900,INR,upi,captured,cust_9649,2026-08-10 10:49:00
TXN1762,order_220213,19900,INR,emi,captured,cust_2468,2026-08-21 14:51:00
TXN1763,order_441092,29900,INR,upi,captured,cust_6243,2026-07-17 22:41:00
TXN1764,order_967949,19900,INR,upi,captured,cust_4874,2026-08-19 16:12:00
TXN1765,order_503752,19900,INR,netbanking,captured,cust_2072,2026-08-28 13:31:00
TXN1766,order_764316,49900,INR,upi,captured,cust_5035,2026-08-14 06:23:00
TXN1767,order_526504,999900,INR,upi,captured,cust_3332,2026-07-08 03:28:00
TXN1768,order_573685,9900,INR,upi,captured,cust_3742,2026-07-10 09:07:00
TXN1769,order_386578,99900,INR,wallet,captured,cust_9361,2026-08-09 03:47:00
TXN1770,order_875089,19900,INR,netbanking,captured,cust_3288,2026-08-26 11:16:00
TXN1771,order_740098,199900,INR,netbanking,captured,cust_5473,2026-07-22 15:12:00
TXN1772,order_458224,49900,INR,wallet,captured,cust_3190,2026-07-24 13:59:00
TXN1773,order_110043,29900,INR,wallet,captured,cust_7435,2026-07-27 01:15:00
TXN1774,order_972503,999900,INR,upi,captured,cust_7336,2026-08-09 11:08:00
TXN1775,order_230824,999900,INR,netbanking,captured,cust_1324,2026-07-03 17:32:00
TXN1776,order_194336,99900,INR,card,captured,cust_9074,2026-08-17 08:37:00
TXN1777,order_515326,19900,INR,netbanking,captured,cust_4174,2026-07-26 07:29:00
TXN1778,order_882209,19900,INR,card,captured,cust_9570,2026-08-15 05:06:00
TXN1779,order_810656,99900,INR,emi,captured,cust_1849,2026-07-06 10:00:00
TXN1780,order_227630,999900,INR,wallet,captured,cust_4678,2026-08-08 07:12:00
TXN1781,order_510893,49900,INR,netbanking,captured,cust_4696,2026-08-26 05:09:00
TXN1782,order_306440,29900,INR,netbanking,captured,cust_1456,2026-08-12 21:20:00
TXN1783,order_721313,199900,INR,netbanking,captured,cust_6583,2026-08-16 20:30:00
TXN1784,order_932685,49900,INR,upi,captured,cust_2567,2026-07-13 04:21:00
TXN1785,order_163634,9900,INR,wallet,captured,cust_2015,2026-08-11 01:56:00
TXN1786,order_810477,9900,INR,emi,captured,cust_2570,2026-08-28 14:06:00
TXN1787,order_586758,499900,INR,emi,captured,cust_1425,2026-07-23 20:39:00
TXN1788,order_716366,49900,INR,upi,captured,cust_4172,2026-08-25 23:22:00
TXN1789,order_368735,199900,INR,wallet,captured,cust_4983,2026-08-01 00:21:00
TXN1790,order_233882,99900,INR,emi,captured,cust_6098,2026-08-04 07:19:00
TXN1791,order_108474,29900,INR,upi,captured,cust_1894,2026-08-16 07:08:00
TXN1792,order_304899,49900,INR,card,captured,cust_8794,2026-07-12 21:39:00
TXN1793,order_414186,499900,INR,netbanking,captured,cust_1691,2026-08-21 20:31:00
TXN1794,order_826894,49900,INR,wallet,captured,cust_6431,2026-07-23 17:45:00
TXN1795,order_966212,9900,INR,netbanking,captured,cust_2887,2026-08-31 21:38:00
TXN1796,order_762002,199900,INR,upi,captured,cust_4587,2026-08-30 17:48:00
TXN1797,order_988704,49900,INR,card,captured,cust_2657,2026-08-19 23:49:00
TXN1798,order_243910,499900,INR,upi,captured,cust_7056,2026-08-10 17:41:00
TXN1799,order_937836,499900,INR,upi,captured,cust_4107,2026-08-24 19:04:00
TXN1800,order_492435,199900,INR,emi,captured,cust_4098,2026-08-04 03:45:00
TXN1801,order_359178,9900,INR,netbanking,captured,cust_9011,2026-07-07 19:06:00
TXN1802,order_929420,19900,INR,card,captured,cust_9342,2026-07-30 11:12:00
TXN1803,order_847096,199900,INR,emi,captured,cust_8762,2026-07-18 08:15:00
TXN1804,order_929029,9900,INR,card,captured,cust_7486,2026-08-17 17:32:00
TXN1805,order_545668,499900,INR,emi,captured,cust_3200,2026-08-21 12:44:00
TXN1806,order_644022,199900,INR,card,captured,cust_6511,2026-07-25 22:31:00
TXN1807,order_528818,199900,INR,wallet,captured,cust_8236,2026-08-11 15:36:00
TXN1808,order_408824,19900,INR,netbanking,captured,cust_6902,2026-07-03 16:54:00
TXN1809,order_306198,199900,INR,netbanking,captured,cust_5496,2026-08-12 00:08:00
TXN1810,order_875758,99900,INR,upi,captured,cust_7616,2026-07-13 14:42:00
TXN1811,order_894617,9900,INR,wallet,captured,cust_7512,2026-07-21 07:12:00
TXN1812,order_345076,999900,INR,wallet,captured,cust_8025,2026-08-10 21:40:00
TXN1813,order_559990,999900,INR,emi,captured,cust_3102,2026-08-30 12:52:00
TXN1814,order_624078,199900,INR,netbanking,captured,cust_7608,2026-08-17 10:33:00
TXN1815,order_124368,9900,INR,card,captured,cust_7404,2026-08-22 13:24:00
TXN1816,order_166803,499900,INR,card,captured,cust_8397,2026-08-01 20:39:00
TXN1817,order_209380,29900,INR,upi,captured,cust_4058,2026-07-10 01:22:00
TXN1818,order_315893,49900,INR,netbanking,captured,cust_7039,2026-07-20 07:56:00
TXN1819,order_510103,29900,INR,upi,captured,cust_2126,2026-08-23 06:34:00
TXN1820,order_315667,99900,INR,wallet,captured,cust_6084,2026-07-10 01:18:00
TXN1821,order_311500,9900,INR,card,captured,cust_5044,2026-08-03 21:08:00
TXN1822,order_585171,9900,INR,upi,captured,cust_6681,2026-08-13 03:04:00
TXN1823,order_361236,29900,INR,emi,captured,cust_4005,2026-07-16 10:31:00
TXN1824,order_265603,99900,INR,emi,captured,cust_4559,2026-08-13 02:02:00
TXN1825,order_628896,199900,INR,wallet,captured,cust_1731,2026-08-03 18:44:00
TXN1826,order_828221,999900,INR,wallet,captured,cust_7499,2026-08-10 00:35:00
TXN1827,order_362779,19900,INR,card,captured,cust_8558,2026-08-11 02:13:00
TXN1828,order_354063,999900,INR,card,captured,cust_1295,2026-08-01 15:07:00
TXN1829,order_660625,499900,INR,card,captured,cust_5476,2026-08-27 02:12:00
TXN1830,order_327197,9900,INR,emi,captured,cust_9566,2026-08-18 09:16:00
TXN1831,order_727263,9900,INR,upi,captured,cust_5091,2026-07-13 11:11:00
TXN1832,order_195825,9900,INR,wallet,captured,cust_2035,2026-08-30 23:39:00
TXN1833,order_935635,29900,INR,card,captured,cust_6359,2026-08-29 10:28:00
TXN1834,order_226672,49900,INR,card,captured,cust_7588,2026-08-25 12:40:00
TXN1835,order_581061,49900,INR,upi,captured,cust_1719,2026-07-20 15:19:00
TXN1836,order_416181,999900,INR,upi,failed,cust_3809,2026-07-17 06:10:00
TXN1837,order_364178,19900,INR,emi,captured,cust_3177,2026-08-11 03:16:00
TXN1838,order_605550,19900,INR,netbanking,captured,cust_7264,2026-08-30 04:02:00
TXN1839,order_838857,9900,INR,card,captured,cust_6060,2026-08-30 04:12:00
TXN1840,order_749871,19900,INR,upi,captured,cust_3484,2026-08-23 12:29:00
TXN1841,order_727127,999900,INR,netbanking,captured,cust_1648,2026-08-23 15:40:00
TXN1842,order_887009,9900,INR,card,captured,cust_4372,2026-07-08 00:39:00
TXN1843,order_500016,199900,INR,card,captured,cust_9055,2026-08-03 04:00:00
TXN1844,order_765181,29900,INR,card,captured,cust_4348,2026-08-23 21:49:00
TXN1845,order_546944,999900,INR,netbanking,captured,cust_3890,2026-08-21 00:48:00
TXN1846,order_570046,49900,INR,netbanking,captured,cust_6891,2026-07-07 08:55:00
TXN1847,order_562816,499900,INR,emi,captured,cust_8897,2026-07-23 00:33:00
TXN1848,order_861945,29900,INR,netbanking,captured,cust_7146,2026-08-07 09:41:00
TXN1849,order_849588,999900,INR,card,captured,cust_9203,2026-08-22 18:00:00
TXN1850,order_513820,199900,INR,wallet,captured,cust_2167,2026-07-31 14:19:00
TXN1851,order_270249,49900,INR,wallet,captured,cust_9005,2026-08-15 00:38:00
TXN1852,order_504051,499900,INR,card,captured,cust_6921,2026-08-16 08:58:00
TXN1853,order_734845,999900,INR,card,captured,cust_3644,2026-08-15 16:22:00
TXN1854,order_775699,499900,INR,wallet,captured,cust_4093,2026-07-17 05:03:00
TXN1855,order_416900,499900,INR,emi,captured,cust_2456,2026-08-12 00:34:00
TXN1856,order_319703,499900,INR,netbanking,captured,cust_2587,2026-08-31 18:08:00
TXN1857,order_492850,29900,INR,card,captured,cust_2806,2026-08-19 08:49:00
TXN1858,order_161847,29900,INR,card,captured,cust_2789,2026-08-15 10:32:00
TXN1859,order_189870,499900,INR,upi,captured,cust_4846,2026-08-14 21:39:00
TXN1860,order_164022,99900,INR,upi,captured,cust_2586,2026-07-20 05:10:00
TXN1861,order_596219,199900,INR,emi,captured,cust_6620,2026-08-04 13:37:00
TXN1862,order_797385,499900,INR,wallet,captured,cust_2641,2026-07-23 22:38:00
TXN1863,order_976002,29900,INR,upi,captured,cust_5072,2026-07-24 20:05:00
TXN1864,order_533194,49900,INR,upi,captured,cust_1749,2026-07-22 13:59:00
TXN1865,order_344903,999900,INR,wallet,captured,cust_8010,2026-07-15 04:10:00
TXN1866,order_503553,99900,INR,emi,captured,cust_9267,2026-08-19 01:51:00
TXN1867,order_622112,19900,INR,netbanking,captured,cust_8648,2026-07-09 02:25:00
TXN1868,order_794830,49900,INR,card,captured,cust_2465,2026-08-18 18:12:00
TXN1869,order_442360,499900,INR,netbanking,captured,cust_3016,2026-08-17 00:44:00
TXN1870,order_860652,999900,INR,upi,captured,cust_2059,2026-07-12 01:39:00
TXN1871,order_334410,99900,INR,upi,captured,cust_4082,2026-08-13 21:53:00
TXN1872,order_994781,199900,INR,wallet,captured,cust_9775,2026-07-26 01:00:00
TXN1873,order_435169,199900,INR,card,captured,cust_2746,2026-07-29 02:22:00
TXN1874,order_993766,999900,INR,netbanking,captured,cust_8467,2026-08-22 14:07:00
TXN1875,order_883349,9900,INR,emi,failed,cust_3022,2026-08-11 14:28:00
TXN1876,order_386735,999900,INR,card,captured,cust_1963,2026-07-31 14:15:00
TXN1877,order_998397,999900,INR,wallet,captured,cust_1353,2026-08-12 02:02:00
TXN1878,order_542957,999900,INR,netbanking,captured,cust_5637,2026-07-14 11:35:00
TXN1879,order_439128,9900,INR,netbanking,captured,cust_8239,2026-08-02 03:50:00
TXN1880,order_319955,49900,INR,card,captured,cust_2670,2026-07-15 04:00:00
TXN1881,order_982544,29900,INR,upi,captured,cust_1859,2026-08-25 12:30:00
TXN1882,order_554894,29900,INR,wallet,captured,cust_9005,2026-08-16 22:53:00
TXN1883,order_881399,499900,INR,upi,captured,cust_7260,2026-07-13 09:05:00
TXN1884,order_784925,999900,INR,netbanking,captured,cust_9015,2026-08-31 20:53:00
TXN1885,order_700446,999900,INR,netbanking,captured,cust_3967,2026-07-18 00:54:00
TXN1886,order_231319,19900,INR,netbanking,captured,cust_9806,2026-08-27 01:02:00
TXN1887,order_952353,9900,INR,wallet,captured,cust_9004,2026-07-27 06:10:00
TXN1888,order_977809,19900,INR,card,captured,cust_3948,2026-07-20 20:49:00
TXN1889,order_568957,199900,INR,upi,captured,cust_3641,2026-08-29 19:24:00
TXN1890,order_188720,19900,INR,emi,captured,cust_1001,2026-08-12 12:26:00
TXN1891,order_920827,99900,INR,emi,captured,cust_6127,2026-08-03 19:24:00
TXN1892,order_203818,9900,INR,card,captured,cust_4526,2026-08-29 17:51:00
TXN1893,order_864521,499900,INR,upi,captured,cust_3675,2026-07-27 15:44:00
TXN1894,order_809388,499900,INR,card,captured,cust_5413,2026-07-28 17:56:00
TXN1895,order_691021,29900,INR,wallet,failed,cust_8104,2026-07-10 19:40:00
TXN1896,order_497349,9900,INR,emi,captured,cust_2802,2026-08-16 21:43:00
TXN1897,order_193296,199900,INR,netbanking,captured,cust_4698,2026-07-13 15:51:00
TXN1898,order_202704,499900,INR,card,captured,cust_3879,2026-08-07 20:10:00
TXN1899,order_654654,199900,INR,emi,captured,cust_2623,2026-07-07 14:25:00
TXN1900,order_289448,199900,INR,emi,captured,cust_8812,2026-07-27 04:04:00
TXN1901,order_109958,29900,INR,card,captured,cust_1866,2026-08-22 11:24:00
TXN1902,order_811160,499900,INR,wallet,captured,cust_9228,2026-08-20 09:38:00
TXN1903,order_766511,19900,INR,netbanking,captured,cust_2302,2026-08-05 13:06:00
TXN1904,order_273133,9900,INR,upi,captured,cust_1175,2026-07-15 14:25:00
TXN1905,order_640028,19900,INR,wallet,captured,cust_1119,2026-08-31 04:48:00
TXN1906,order_874879,9900,INR,emi,captured,cust_9577,2026-08-03 18:17:00
TXN1907,order_980184,29900,INR,emi,captured,cust_3793,2026-08-09 22:33:00
TXN1908,order_812049,49900,INR,emi,captured,cust_5809,2026-07-08 20:42:00
TXN1909,order_761836,499900,INR,card,captured,cust_9446,2026-07-03 14:01:00
TXN1910,order_989561,999900,INR,upi,captured,cust_5888,2026-08-09 23:21:00
TXN1911,order_857526,29900,INR,wallet,captured,cust_4236,2026-08-09 23:54:00
TXN1912,order_229858,999900,INR,upi,captured,cust_7477,2026-08-22 02:44:00
TXN1913,order_291031,99900,INR,upi,captured,cust_3291,2026-08-03 02:07:00
TXN1914,order_476687,49900,INR,upi,captured,cust_7898,2026-08-19 14:58:00
TXN1915,order_798566,49900,INR,wallet,captured,cust_9119,2026-07-20 15:53:00
TXN1916,order_861260,499900,INR,card,captured,cust_3548,2026-08-24 20:10:00
TXN1917,order_347993,9900,INR,netbanking,captured,cust_8867,2026-08-04 04:13:00
TXN1918,order_897861,499900,INR,card,captured,cust_5087,2026-07-23 19:14:00
TXN1919,order_835005,49900,INR,wallet,captured,cust_2688,2026-08-19 08:15:00
TXN1920,order_238722,499900,INR,upi,captured,cust_1289,2026-08-14 17:01:00
TXN1921,order_650472,99900,INR,card,captured,cust_9353,2026-08-17 13:33:00
TXN1922,order_215400,99900,INR,netbanking,captured,cust_6240,2026-08-14 12:15:00
TXN1923,order_154662,199900,INR,card,captured,cust_2650,2026-08-13 08:43:00
TXN1924,order_481242,199900,INR,netbanking,captured,cust_3134,2026-08-24 20:18:00
TXN1925,order_916639,199900,INR,card,captured,cust_2429,2026-07-21 15:47:00
TXN1926,order_878659,19900,INR,upi,captured,cust_8303,2026-07-25 03:08:00
TXN1927,order_597233,49900,INR,emi,captured,cust_7851,2026-07-16 19:58:00
TXN1928,order_852170,19900,INR,wallet,captured,cust_9255,2026-08-27 08:34:00
TXN1929,order_147652,9900,INR,card,captured,cust_9412,2026-07-15 11:29:00
TXN1930,order_887195,499900,INR,emi,captured,cust_4390,2026-07-13 11:35:00
TXN1931,order_699678,49900,INR,emi,captured,cust_9401,2026-07-18 23:04:00
TXN1932,order_410759,99900,INR,emi,captured,cust_4902,2026-08-24 18:46:00
TXN1933,order_391248,29900,INR,netbanking,captured,cust_4440,2026-07-07 22:19:00
TXN1934,order_839730,99900,INR,card,captured,cust_1938,2026-08-05 04:42:00
TXN1935,order_865960,99900,INR,card,captured,cust_2743,2026-08-15 23:26:00
TXN1936,order_756649,49900,INR,wallet,captured,cust_7479,2026-08-17 13:43:00
TXN1937,order_861566,499900,INR,netbanking,captured,cust_8526,2026-08-22 08:55:00
TXN1938,order_614345,29900,INR,netbanking,captured,cust_7458,2026-08-30 14:50:00
TXN1939,order_547107,49900,INR,wallet,captured,cust_9630,2026-07-04 03:35:00
TXN1940,order_204574,499900,INR,wallet,captured,cust_1716,2026-08-30 20:08:00
TXN1941,order_757860,9900,INR,upi,captured,cust_6544,2026-07-12 20:26:00
TXN1942,order_603762,999900,INR,card,captured,cust_1915,2026-08-12 13:30:00
TXN1943,order_207809,99900,INR,upi,captured,cust_4675,2026-07-30 10:51:00
TXN1944,order_254535,199900,INR,netbanking,captured,cust_2841,2026-08-17 02:36:00
TXN1945,order_335428,19900,INR,netbanking,captured,cust_6906,2026-08-09 21:21:00
TXN1946,order_258442,29900,INR,wallet,captured,cust_7967,2026-07-29 13:22:00
TXN1947,order_957276,99900,INR,netbanking,captured,cust_7047,2026-07-06 20:43:00
TXN1948,order_254958,499900,INR,wallet,captured,cust_8003,2026-07-16 08:08:00
TXN1949,order_233730,29900,INR,wallet,captured,cust_7782,2026-08-09 13:29:00
TXN1950,order_538996,999900,INR,emi,captured,cust_4770,2026-07-28 08:26:00
TXN1951,order_542332,49900,INR,upi,captured,cust_1281,2026-08-16 13:00:00
TXN1952,order_215507,9900,INR,netbanking,captured,cust_7898,2026-08-08 19:42:00
TXN1953,order_244495,19900,INR,card,captured,cust_7958,2026-08-07 00:59:00
TXN1954,order_211159,19900,INR,wallet,captured,cust_3406,2026-07-09 04:05:00
TXN1955,order_180808,9900,INR,emi,captured,cust_8696,2026-07-09 10:51:00
TXN1956,order_857656,199900,INR,wallet,captured,cust_2822,2026-07-12 03:16:00
TXN1957,order_887619,29900,INR,emi,captured,cust_8443,2026-08-21 23:35:00
TXN1958,order_626251,99900,INR,card,captured,cust_9544,2026-08-04 18:43:00
TXN1959,order_511346,29900,INR,emi,captured,cust_8821,2026-07-24 21:08:00
TXN1960,order_524778,499900,INR,card,captured,cust_5422,2026-08-28 12:19:00
TXN1961,order_732490,199900,INR,upi,captured,cust_2070,2026-08-16 14:50:00
TXN1962,order_296863,49900,INR,upi,captured,cust_1735,2026-08-16 15:55:00
TXN1963,order_108890,199900,INR,netbanking,captured,cust_7400,2026-08-06 07:48:00
TXN1964,order_807459,19900,INR,netbanking,captured,cust_3460,2026-08-05 00:28:00
TXN1965,order_993415,9900,INR,netbanking,captured,cust_2528,2026-08-21 19:17:00
TXN1966,order_785999,29900,INR,card,captured,cust_9573,2026-07-30 07:14:00
TXN1967,order_455488,99900,INR,netbanking,captured,cust_7350,2026-07-23 10:58:00
TXN1968,order_249550,99900,INR,emi,captured,cust_6139,2026-07-07 21:29:00
TXN1969,order_171472,99900,INR,emi,captured,cust_8548,2026-08-08 12:55:00
TXN1970,order_900216,999900,INR,card,captured,cust_6955,2026-07-02 20:24:00
TXN1971,order_813644,29900,INR,wallet,captured,cust_6138,2026-08-08 07:06:00
TXN1972,order_533265,999900,INR,netbanking,captured,cust_1934,2026-07-06 02:58:00
TXN1973,order_108328,29900,INR,upi,captured,cust_2195,2026-08-13 11:50:00
TXN1974,order_801655,19900,INR,netbanking,captured,cust_8616,2026-08-02 09:19:00
TXN1975,order_213611,499900,INR,wallet,captured,cust_6610,2026-08-19 11:39:00
TXN1976,order_391897,999900,INR,upi,captured,cust_4497,2026-07-28 19:30:00
TXN1977,order_911813,499900,INR,upi,captured,cust_8756,2026-07-03 12:10:00
TXN1978,order_895466,499900,INR,netbanking,captured,cust_2134,2026-08-15 03:49:00
TXN1979,order_846802,999900,INR,wallet,captured,cust_4015,2026-07-29 17:18:00
TXN1980,order_889762,99900,INR,card,captured,cust_9773,2026-08-19 12:34:00
TXN1981,order_698020,499900,INR,upi,captured,cust_3369,2026-07-27 04:48:00
TXN1982,order_257817,999900,INR,card,captured,cust_7658,2026-07-31 13:53:00
TXN1983,order_881931,49900,INR,wallet,captured,cust_7185,2026-07-18 06:11:00
TXN1984,order_812641,9900,INR,netbanking,captured,cust_6029,2026-07-10 12:59:00
TXN1985,order_578148,499900,INR,wallet,captured,cust_9571,2026-08-09 12:07:00
TXN1986,order_491246,29900,INR,emi,captured,cust_5669,2026-07-24 18:26:00
TXN1987,order_750511,19900,INR,upi,captured,cust_7738,2026-07-11 20:55:00
TXN1988,order_888242,19900,INR,wallet,captured,cust_5749,2026-07-30 05:09:00
TXN1989,order_678381,499900,INR,upi,captured,cust_8601,2026-08-19 08:53:00
TXN1990,order_920192,49900,INR,emi,captured,cust_6036,2026-08-13 15:04:00
TXN1991,order_104359,499900,INR,upi,captured,cust_9502,2026-08-31 23:51:00
TXN1992,order_682735,499900,INR,card,captured,cust_8030,2026-07-23 03:35:00
TXN1993,order_509376,29900,INR,wallet,captured,cust_4784,2026-07-05 13:27:00
TXN1994,order_266779,199900,INR,card,captured,cust_3507,2026-08-26 21:59:00
TXN1995,order_500980,9900,INR,card,captured,cust_4056,2026-08-02 03:20:00
TXN1996,order_661425,49900,INR,wallet,captured,cust_2359,2026-07-13 15:18:00
TXN1997,order_707497,19900,INR,upi,captured,cust_5627,2026-08-02 04:53:00
TXN1998,order_181140,999900,INR,netbanking,captured,cust_1359,2026-07-04 17:35:00
TXN1999,order_180019,49900,INR,wallet,captured,cust_3639,2026-08-07 13:20:00
TXN2000,order_791710,9900,INR,upi,failed,cust_9953,2026-08-10 12:30:00
TXN2001,order_105258,29900,INR,emi,captured,cust_1484,2026-07-15 15:01:00
TXN2002,order_482615,19900,INR,card,captured,cust_3073,2026-08-30 13:52:00
TXN2003,order_196437,199900,INR,emi,captured,cust_9123,2026-07-21 14:31:00
TXN2004,order_302432,99900,INR,card,captured,cust_5605,2026-08-19 02:06:00
TXN2005,order_932673,49900,INR,wallet,captured,cust_5451,2026-08-04 09:33:00
TXN2006,order_736795,499900,INR,wallet,captured,cust_2052,2026-08-19 05:38:00
TXN2007,order_529715,99900,INR,emi,captured,cust_1490,2026-07-10 03:27:00
TXN2008,order_475122,49900,INR,upi,captured,cust_6151,2026-08-18 02:37:00
TXN2009,order_111430,199900,INR,card,captured,cust_4811,2026-08-02 05:10:00
TXN2010,order_322481,49900,INR,upi,captured,cust_2225,2026-07-27 15:15:00
TXN2011,order_433219,199900,INR,card,captured,cust_1766,2026-08-19 22:09:00
TXN2012,order_574779,29900,INR,emi,captured,cust_1348,2026-08-11 05:36:00
TXN2013,order_104872,999900,INR,netbanking,captured,cust_9642,2026-08-23 11:58:00
TXN2014,order_199740,499900,INR,netbanking,captured,cust_2306,2026-08-14 13:12:00
TXN2015,order_830288,999900,INR,wallet,captured,cust_7126,2026-07-08 03:02:00
TXN2016,order_965553,9900,INR,card,captured,cust_8138,2026-08-25 13:05:00
TXN2017,order_300445,199900,INR,emi,captured,cust_1705,2026-08-31 01:05:00
TXN2018,order_445326,499900,INR,netbanking,captured,cust_8548,2026-07-18 18:01:00
TXN2019,order_889614,499900,INR,wallet,captured,cust_8830,2026-07-20 20:27:00
TXN2020,order_910175,999900,INR,card,captured,cust_2356,2026-08-26 15:11:00
TXN2021,order_778569,49900,INR,upi,captured,cust_4541,2026-08-27 08:57:00
TXN2022,order_611333,19900,INR,netbanking,captured,cust_6134,2026-08-18 05:12:00
TXN2023,order_261479,19900,INR,card,captured,cust_9412,2026-08-17 12:36:00
TXN2024,order_543646,29900,INR,netbanking,captured,cust_8552,2026-07-02 05:19:00
TXN2025,order_117393,999900,INR,card,captured,cust_8416,2026-08-14 23:30:00
TXN2026,order_677035,19900,INR,netbanking,captured,cust_8059,2026-08-04 17:51:00
TXN2027,order_487743,19900,INR,upi,captured,cust_4177,2026-07-21 11:14:00
TXN2028,order_722905,99900,INR,emi,captured,cust_1817,2026-07-24 08:27:00
TXN2029,order_220783,9900,INR,upi,captured,cust_2655,2026-07-26 15:45:00
TXN2030,order_511970,19900,INR,card,captured,cust_3802,2026-07-16 01:43:00
TXN2031,order_103257,19900,INR,card,captured,cust_6002,2026-07-30 01:21:00
TXN2032,order_172828,29900,INR,card,captured,cust_8775,2026-08-10 09:51:00
TXN2033,order_897191,9900,INR,emi,captured,cust_5055,2026-08-09 08:23:00
TXN2034,order_694822,99900,INR,card,captured,cust_2538,2026-07-29 07:50:00
TXN2035,order_614496,199900,INR,emi,captured,cust_8516,2026-08-15 02:29:00
TXN2036,order_844653,199900,INR,emi,captured,cust_8935,2026-07-13 02:06:00
TXN2037,order_819096,9900,INR,card,failed,cust_6852,2026-08-05 16:18:00
TXN2038,order_622014,9900,INR,card,captured,cust_6888,2026-07-26 00:16:00
TXN2039,order_213174,99900,INR,emi,captured,cust_5346,2026-07-05 09:04:00
TXN2040,order_717766,499900,INR,netbanking,captured,cust_6624,2026-08-12 17:58:00
TXN2041,order_694188,199900,INR,netbanking,captured,cust_3410,2026-08-24 23:29:00
TXN2042,order_403858,29900,INR,netbanking,captured,cust_1255,2026-07-31 14:56:00
TXN2043,order_612089,99900,INR,upi,captured,cust_1817,2026-08-04 12:18:00
TXN2044,order_467230,99900,INR,emi,captured,cust_5434,2026-07-20 06:51:00
TXN2045,order_184638,99900,INR,card,captured,cust_7328,2026-08-29 08:01:00
TXN2046,order_416693,99900,INR,card,captured,cust_3280,2026-07-26 10:17:00
TXN2047,order_681208,49900,INR,netbanking,captured,cust_8555,2026-08-12 21:41:00
TXN2048,order_200707,29900,INR,emi,captured,cust_6858,2026-08-03 01:40:00
TXN2049,order_540932,499900,INR,wallet,captured,cust_7896,2026-08-30 06:59:00
TXN2050,order_417078,49900,INR,emi,captured,cust_5806,2026-07-30 12:52:00
TXN2051,order_522515,9900,INR,wallet,captured,cust_2387,2026-07-11 07:31:00
TXN2052,order_970207,19900,INR,netbanking,captured,cust_8888,2026-07-24 20:08:00
TXN2053,order_876442,9900,INR,card,captured,cust_9115,2026-07-29 19:25:00
TXN2054,order_770740,29900,INR,netbanking,captured,cust_1105,2026-07-22 14:14:00
TXN2055,order_733120,19900,INR,emi,captured,cust_1403,2026-08-25 16:47:00
TXN2056,order_414492,499900,INR,wallet,captured,cust_5264,2026-08-20 16:07:00
TXN2057,order_747137,19900,INR,wallet,captured,cust_4943,2026-08-22 03:59:00
TXN2058,order_404124,99900,INR,upi,captured,cust_7409,2026-07-25 08:37:00
TXN2059,order_586501,499900,INR,wallet,captured,cust_7380,2026-08-22 23:42:00
TXN2060,order_776445,999900,INR,upi,captured,cust_8509,2026-07-04 12:52:00
TXN2061,order_997412,49900,INR,netbanking,captured,cust_2028,2026-07-05 01:27:00
TXN2062,order_787796,199900,INR,wallet,captured,cust_5963,2026-07-17 19:43:00
TXN2063,order_735271,29900,INR,emi,captured,cust_5247,2026-07-17 07:11:00
TXN2064,order_717456,199900,INR,emi,captured,cust_3607,2026-07-23 11:56:00
TXN2065,order_599555,199900,INR,card,captured,cust_3850,2026-07-13 00:10:00
TXN2066,order_362651,19900,INR,upi,captured,cust_7132,2026-07-08 00:56:00
TXN2067,order_212890,999900,INR,wallet,captured,cust_4206,2026-08-23 03:24:00
TXN2068,order_811824,99900,INR,card,captured,cust_9659,2026-08-19 00:50:00
TXN2069,order_759675,19900,INR,card,captured,cust_7685,2026-08-29 19:03:00
TXN2070,order_865436,999900,INR,card,captured,cust_9205,2026-07-09 17:24:00
TXN2071,order_748522,29900,INR,upi,captured,cust_2161,2026-08-03 10:20:00
TXN2072,order_223655,999900,INR,card,captured,cust_4670,2026-08-28 04:26:00
TXN2073,order_475290,19900,INR,card,captured,cust_9482,2026-08-13 21:26:00
TXN2074,order_159399,19900,INR,emi,captured,cust_6538,2026-08-01 15:19:00
TXN2075,order_901883,9900,INR,card,captured,cust_2021,2026-08-18 06:08:00
TXN2076,order_944797,9900,INR,netbanking,captured,cust_2320,2026-08-27 10:22:00
TXN2077,order_858466,9900,INR,upi,captured,cust_6738,2026-08-29 08:28:00
TXN2078,order_122484,9900,INR,upi,captured,cust_7215,2026-07-13 17:26:00
TXN2079,order_154673,499900,INR,wallet,captured,cust_3257,2026-07-18 19:33:00
TXN2080,order_745559,199900,INR,netbanking,captured,cust_4902,2026-08-19 13:33:00
TXN2081,order_338158,499900,INR,emi,captured,cust_5094,2026-07-26 22:09:00
TXN2082,order_559859,29900,INR,netbanking,captured,cust_5001,2026-08-29 13:38:00
TXN2083,order_517143,999900,INR,upi,captured,cust_9907,2026-07-20 21:56:00
TXN2084,order_417423,199900,INR,emi,captured,cust_5383,2026-08-13 03:45:00
TXN2085,order_463473,499900,INR,emi,captured,cust_3246,2026-07-31 15:55:00
TXN2086,order_490479,29900,INR,upi,captured,cust_8434,2026-08-16 01:32:00
TXN2087,order_976950,9900,INR,netbanking,captured,cust_2384,2026-08-14 05:36:00
TXN2088,order_119764,499900,INR,wallet,captured,cust_4021,2026-08-03 22:46:00
TXN2089,order_419970,9900,INR,emi,captured,cust_6508,2026-07-14 12:01:00
TXN2090,order_457506,499900,INR,wallet,captured,cust_1935,2026-07-12 00:01:00
TXN2091,order_856334,99900,INR,emi,captured,cust_9501,2026-08-02 10:24:00
TXN2092,order_590033,49900,INR,card,captured,cust_5495,2026-07-04 23:43:00
TXN2093,order_513769,9900,INR,emi,captured,cust_1202,2026-08-14 12:43:00
TXN2094,order_792874,199900,INR,netbanking,captured,cust_8207,2026-07-08 18:32:00
TXN2095,order_603534,49900,INR,wallet,captured,cust_6145,2026-08-28 05:55:00
TXN2096,order_903184,99900,INR,netbanking,captured,cust_3858,2026-07-07 08:52:00
TXN2097,order_220005,9900,INR,card,captured,cust_6199,2026-07-19 07:05:00
TXN2098,order_371638,99900,INR,upi,captured,cust_4845,2026-07-19 12:26:00
TXN2099,order_631562,999900,INR,upi,captured,cust_7084,2026-07-30 21:45:00
TXN2100,order_396835,29900,INR,upi,captured,cust_7686,2026-08-11 04:10:00
TXN2101,order_132670,29900,INR,netbanking,captured,cust_1418,2026-08-29 14:01:00
TXN2102,order_635608,199900,INR,card,captured,cust_3458,2026-08-07 05:58:00
TXN2103,order_181066,49900,INR,emi,captured,cust_7849,2026-07-30 05:20:00
TXN2104,order_791218,999900,INR,netbanking,captured,cust_4998,2026-08-14 17:07:00
TXN2105,order_342106,999900,INR,netbanking,captured,cust_7716,2026-07-15 20:16:00
TXN2106,order_630205,19900,INR,netbanking,captured,cust_7862,2026-07-21 08:22:00
TXN2107,order_806850,29900,INR,emi,captured,cust_2335,2026-08-15 14:39:00
TXN2108,order_618206,49900,INR,card,captured,cust_7858,2026-07-06 10:00:00
TXN2109,order_974364,499900,INR,upi,captured,cust_9672,2026-07-18 18:56:00
TXN2110,order_233644,499900,INR,emi,captured,cust_6515,2026-08-16 01:42:00
TXN2111,order_472200,999900,INR,wallet,captured,cust_5739,2026-07-22 09:13:00
TXN2112,order_241144,29900,INR,emi,captured,cust_1127,2026-07-04 07:55:00
TXN2113,order_559891,29900,INR,emi,captured,cust_2587,2026-07-16 05:43:00
TXN2114,order_150633,499900,INR,netbanking,captured,cust_3346,2026-08-11 11:40:00
TXN2115,order_391772,199900,INR,upi,captured,cust_5486,2026-08-09 14:50:00
TXN2116,order_402491,99900,INR,emi,captured,cust_5565,2026-07-14 20:01:00
TXN2117,order_979535,29900,INR,upi,captured,cust_4197,2026-07-24 22:03:00
TXN2118,order_313008,99900,INR,emi,captured,cust_8435,2026-08-04 00:32:00
TXN2119,order_840632,19900,INR,wallet,captured,cust_3241,2026-07-06 10:29:00
TXN2120,order_862693,19900,INR,netbanking,captured,cust_9402,2026-08-21 07:39:00
TXN2121,order_205317,199900,INR,card,captured,cust_1583,2026-07-09 06:18:00
TXN2122,order_243523,499900,INR,card,captured,cust_8938,2026-07-19 17:44:00
TXN2123,order_238193,49900,INR,upi,captured,cust_4509,2026-07-02 07:06:00
TXN2124,order_614526,49900,INR,card,captured,cust_7230,2026-08-29 10:16:00
TXN2125,order_656228,29900,INR,netbanking,captured,cust_8947,2026-07-09 16:04:00
TXN2126,order_329565,19900,INR,netbanking,captured,cust_7960,2026-08-05 09:40:00
TXN2127,order_792702,19900,INR,netbanking,captured,cust_8925,2026-07-18 11:15:00
TXN2128,order_346268,9900,INR,netbanking,captured,cust_7701,2026-08-14 07:47:00
TXN2129,order_433046,499900,INR,wallet,captured,cust_1895,2026-07-11 09:33:00
TXN2130,order_958285,9900,INR,netbanking,captured,cust_3728,2026-08-03 10:46:00
TXN2131,order_743095,199900,INR,card,captured,cust_1345,2026-07-24 06:59:00
TXN2132,order_904092,19900,INR,upi,captured,cust_3572,2026-07-29 17:37:00
TXN2133,order_492041,199900,INR,wallet,captured,cust_1223,2026-08-18 06:14:00
TXN2134,order_207500,499900,INR,wallet,captured,cust_4768,2026-08-29 18:42:00
TXN2135,order_229648,499900,INR,wallet,captured,cust_2391,2026-08-23 00:04:00
TXN2136,order_837661,499900,INR,upi,captured,cust_3487,2026-08-31 00:07:00
TXN2137,order_971861,99900,INR,netbanking,captured,cust_5490,2026-08-04 07:13:00
TXN2138,order_787919,999900,INR,wallet,captured,cust_7657,2026-08-13 10:55:00
TXN2139,order_659104,49900,INR,wallet,captured,cust_7106,2026-08-30 08:14:00
TXN2140,order_126101,499900,INR,card,captured,cust_6089,2026-08-03 12:30:00
TXN2141,order_187697,19900,INR,emi,captured,cust_5095,2026-08-21 17:05:00
TXN2142,order_978780,999900,INR,emi,captured,cust_9084,2026-07-16 05:12:00
TXN2143,order_454280,29900,INR,upi,captured,cust_1091,2026-08-11 01:24:00
TXN2144,order_891714,999900,INR,emi,captured,cust_8559,2026-07-31 13:19:00
TXN2145,order_181269,499900,INR,card,captured,cust_2990,2026-07-14 23:50:00
TXN2146,order_140959,499900,INR,wallet,captured,cust_3291,2026-08-21 03:09:00
TXN2147,order_223295,499900,INR,netbanking,captured,cust_7088,2026-07-16 02:43:00
TXN2148,order_818299,49900,INR,emi,captured,cust_5116,2026-07-02 01:37:00
TXN2149,order_883039,29900,INR,card,captured,cust_6205,2026-07-29 01:07:00
TXN2150,order_170304,9900,INR,netbanking,captured,cust_9810,2026-07-18 17:48:00
TXN2151,order_164076,999900,INR,emi,captured,cust_4703,2026-08-21 21:38:00
TXN2152,order_301998,99900,INR,netbanking,captured,cust_7017,2026-07-10 10:23:00
TXN2153,order_667297,49900,INR,upi,captured,cust_5587,2026-07-25 19:54:00
TXN2154,order_207292,29900,INR,emi,captured,cust_5542,2026-07-25 03:11:00
TXN2155,order_921417,49900,INR,card,captured,cust_8790,2026-08-26 04:51:00
TXN2156,order_243628,999900,INR,wallet,captured,cust_2921,2026-07-20 08:40:00
TXN2157,order_911513,499900,INR,wallet,captured,cust_9694,2026-08-09 14:07:00
TXN2158,order_764555,99900,INR,card,captured,cust_5104,2026-07-09 10:25:00
TXN2159,order_483450,999900,INR,netbanking,captured,cust_4129,2026-07-16 10:47:00
TXN2160,order_883945,9900,INR,card,captured,cust_6085,2026-08-03 12:27:00
TXN2161,order_386290,9900,INR,netbanking,captured,cust_5145,2026-07-21 08:35:00
TXN2162,order_963319,9900,INR,wallet,captured,cust_8756,2026-07-24 03:31:00
TXN2163,order_742693,29900,INR,card,captured,cust_2956,2026-07-07 19:55:00
TXN2164,order_202210,99900,INR,card,captured,cust_6185,2026-07-21 04:13:00
TXN2165,order_114859,499900,INR,wallet,captured,cust_4161,2026-07-09 02:18:00
TXN2166,order_280968,999900,INR,upi,captured,cust_7705,2026-08-14 04:48:00
TXN2167,order_983031,9900,INR,netbanking,captured,cust_8639,2026-08-14 06:38:00
TXN2168,order_194960,29900,INR,upi,captured,cust_1329,2026-08-20 13:23:00
TXN2169,order_768934,199900,INR,wallet,captured,cust_4130,2026-08-26 00:45:00
TXN2170,order_840204,99900,INR,card,captured,cust_4702,2026-08-14 19:24:00
TXN2171,order_371952,999900,INR,netbanking,captured,cust_6715,2026-08-26 08:38:00
TXN2172,order_972132,29900,INR,upi,captured,cust_4451,2026-07-02 05:36:00
TXN2173,order_458802,99900,INR,upi,captured,cust_5273,2026-07-30 17:44:00
TXN2174,order_790311,29900,INR,wallet,captured,cust_7191,2026-08-23 09:23:00
TXN2175,order_541878,999900,INR,netbanking,captured,cust_6865,2026-08-10 03:03:00
TXN2176,order_295203,9900,INR,wallet,captured,cust_8126,2026-07-11 04:31:00
TXN2177,order_364843,199900,INR,emi,captured,cust_1657,2026-08-10 08:17:00
TXN2178,order_546582,99900,INR,emi,captured,cust_3726,2026-08-06 05:59:00
TXN2179,order_795632,199900,INR,upi,captured,cust_6670,2026-08-26 14:10:00
TXN2180,order_254655,49900,INR,card,captured,cust_4331,2026-08-12 14:55:00
TXN2181,order_261625,199900,INR,upi,captured,cust_7456,2026-08-01 18:38:00
TXN2182,order_494570,999900,INR,card,captured,cust_3187,2026-07-14 20:36:00
TXN2183,order_959613,499900,INR,emi,captured,cust_1440,2026-08-06 06:56:00
TXN2184,order_456359,9900,INR,emi,captured,cust_4769,2026-07-24 11:02:00
TXN2185,order_321493,99900,INR,wallet,captured,cust_7974,2026-08-26 13:36:00
TXN2186,order_505605,999900,INR,upi,captured,cust_9476,2026-08-15 10:49:00
TXN2187,order_868260,19900,INR,wallet,captured,cust_9306,2026-07-11 23:50:00
TXN2188,order_609754,499900,INR,wallet,captured,cust_2899,2026-07-13 22:41:00
TXN2189,order_846610,199900,INR,emi,captured,cust_7947,2026-08-08 20:10:00
TXN2190,order_453491,99900,INR,card,captured,cust_8125,2026-07-30 04:14:00
TXN2191,order_227455,999900,INR,wallet,captured,cust_7050,2026-08-08 22:04:00
TXN2192,order_807784,99900,INR,upi,captured,cust_7833,2026-07-28 15:49:00
TXN2193,order_766876,9900,INR,emi,captured,cust_7491,2026-08-24 12:14:00
TXN2194,order_199166,29900,INR,card,captured,cust_6658,2026-07-22 08:33:00
TXN2195,order_442452,199900,INR,upi,captured,cust_2656,2026-08-22 04:14:00
TXN2196,order_182590,199900,INR,netbanking,captured,cust_5208,2026-08-04 11:59:00
TXN2197,order_701186,999900,INR,card,captured,cust_4042,2026-07-14 10:43:00
TXN2198,order_147964,499900,INR,card,captured,cust_4393,2026-07-19 14:43:00
TXN2199,order_236070,99900,INR,netbanking,captured,cust_6212,2026-08-02 04:10:00
TXN2200,order_331795,19900,INR,emi,captured,cust_8547,2026-08-13 00:15:00
TXN2201,order_444721,499900,INR,wallet,captured,cust_6237,2026-07-03 07:00:00
TXN2202,order_584387,999900,INR,card,captured,cust_5189,2026-07-28 01:50:00
TXN2203,order_993692,19900,INR,wallet,captured,cust_9676,2026-07-27 12:55:00
TXN2204,order_573431,999900,INR,upi,captured,cust_6761,2026-08-22 04:23:00
TXN2205,order_683469,999900,INR,card,captured,cust_3023,2026-08-07 06:52:00
TXN2206,order_216006,99900,INR,card,captured,cust_7571,2026-07-07 18:11:00
TXN2207,order_392426,199900,INR,netbanking,captured,cust_6206,2026-07-22 20:18:00
TXN2208,order_400189,999900,INR,card,captured,cust_9727,2026-07-03 18:35:00
TXN2209,order_280638,19900,INR,wallet,captured,cust_7722,2026-07-25 03:34:00
TXN2210,order_739323,19900,INR,emi,captured,cust_6325,2026-07-26 00:34:00
TXN2211,order_195385,199900,INR,upi,captured,cust_7378,2026-07-15 04:04:00
TXN2212,order_858183,49900,INR,card,captured,cust_3173,2026-08-01 01:02:00
TXN2213,order_583581,999900,INR,card,captured,cust_3897,2026-07-19 04:32:00
TXN2214,order_884972,9900,INR,wallet,captured,cust_2152,2026-07-07 07:30:00
TXN2215,order_850755,19900,INR,emi,captured,cust_8877,2026-07-21 06:15:00
TXN2216,order_518832,999900,INR,wallet,captured,cust_5300,2026-07-12 20:54:00
TXN2217,order_532949,199900,INR,card,captured,cust_5333,2026-07-04 16:10:00
TXN2218,order_843527,999900,INR,card,captured,cust_8285,2026-07-14 15:39:00
TXN2219,order_370450,99900,INR,emi,captured,cust_1425,2026-08-29 19:51:00
TXN2220,order_480343,99900,INR,netbanking,captured,cust_5992,2026-07-02 01:50:00
TXN2221,order_805983,99900,INR,card,captured,cust_5789,2026-07-15 01:52:00
TXN2222,order_711561,99900,INR,card,captured,cust_9332,2026-07-25 23:44:00
TXN2223,order_775127,29900,INR,emi,captured,cust_7192,2026-07-08 07:40:00
TXN2224,order_605468,29900,INR,wallet,captured,cust_2060,2026-07-05 12:00:00
TXN2225,order_316456,49900,INR,card,captured,cust_2959,2026-08-14 04:11:00
TXN2226,order_581633,9900,INR,emi,captured,cust_1538,2026-07-05 16:13:00
TXN2227,order_632064,19900,INR,netbanking,captured,cust_2301,2026-07-27 06:06:00
TXN2228,order_648351,49900,INR,card,captured,cust_5015,2026-08-15 00:49:00
TXN2229,order_578219,29900,INR,upi,captured,cust_4113,2026-07-24 15:25:00
TXN2230,order_338641,49900,INR,emi,captured,cust_9797,2026-07-14 05:30:00
TXN2231,order_601532,19900,INR,wallet,captured,cust_4522,2026-08-26 08:48:00
TXN2232,order_216941,999900,INR,card,captured,cust_1008,2026-07-25 03:21:00
TXN2233,order_761785,29900,INR,netbanking,captured,cust_5909,2026-07-30 08:28:00
TXN2234,order_810769,99900,INR,wallet,captured,cust_9348,2026-08-24 18:29:00
TXN2235,order_168744,499900,INR,netbanking,captured,cust_9824,2026-08-25 09:39:00
TXN2236,order_899908,49900,INR,card,captured,cust_9690,2026-08-12 07:41:00
TXN2237,order_804524,29900,INR,netbanking,captured,cust_3814,2026-08-21 17:11:00
TXN2238,order_596789,499900,INR,netbanking,captured,cust_5974,2026-08-17 15:30:00
TXN2239,order_862010,199900,INR,netbanking,captured,cust_7834,2026-08-03 14:33:00
TXN2240,order_528645,199900,INR,card,captured,cust_4313,2026-08-02 15:59:00
TXN2241,order_851485,99900,INR,netbanking,captured,cust_7265,2026-07-09 12:59:00
TXN2242,order_747554,999900,INR,netbanking,captured,cust_8859,2026-08-25 21:45:00
TXN2243,order_509010,999900,INR,card,captured,cust_2661,2026-08-14 04:23:00
TXN2244,order_664024,199900,INR,wallet,captured,cust_2212,2026-07-03 14:53:00
TXN2245,order_257726,99900,INR,emi,captured,cust_6371,2026-08-19 06:55:00
TXN2246,order_122913,29900,INR,upi,captured,cust_6918,2026-07-07 01:15:00
TXN2247,order_293084,199900,INR,wallet,captured,cust_5243,2026-08-17 09:37:00
TXN2248,order_224980,499900,INR,wallet,captured,cust_9657,2026-08-06 08:09:00
TXN2249,order_693194,499900,INR,upi,captured,cust_5630,2026-07-30 13:10:00
TXN2250,order_179222,19900,INR,emi,captured,cust_9413,2026-07-13 20:26:00
TXN2251,order_588337,999900,INR,card,captured,cust_6567,2026-07-21 13:56:00
TXN2252,order_408086,9900,INR,emi,captured,cust_6281,2026-07-09 11:59:00
TXN2253,order_712763,199900,INR,emi,captured,cust_6810,2026-08-02 03:18:00
TXN2254,order_290407,19900,INR,upi,captured,cust_3086,2026-07-28 04:06:00
TXN2255,order_430654,49900,INR,card,captured,cust_5441,2026-08-19 14:50:00
TXN2256,order_560996,19900,INR,wallet,captured,cust_4417,2026-08-30 09:05:00
TXN2257,order_559849,499900,INR,card,captured,cust_2521,2026-08-18 11:23:00
TXN2258,order_706395,19900,INR,card,captured,cust_6871,2026-07-14 17:53:00
TXN2259,order_195201,199900,INR,wallet,captured,cust_1264,2026-08-15 07:53:00
TXN2260,order_471910,199900,INR,netbanking,captured,cust_5926,2026-07-09 21:33:00
TXN2261,order_949524,499900,INR,wallet,captured,cust_6296,2026-08-30 15:14:00
TXN2262,order_285973,9900,INR,card,captured,cust_1638,2026-07-29 19:52:00
TXN2263,order_875788,99900,INR,netbanking,captured,cust_3824,2026-07-23 10:08:00
TXN2264,order_948735,29900,INR,netbanking,captured,cust_9151,2026-07-06 20:10:00
TXN2265,order_491311,99900,INR,emi,captured,cust_1466,2026-08-11 23:10:00
TXN2266,order_527456,9900,INR,emi,captured,cust_3591,2026-08-07 04:14:00
TXN2267,order_196598,499900,INR,upi,captured,cust_9793,2026-08-24 08:31:00
TXN2268,order_369338,29900,INR,netbanking,captured,cust_2579,2026-07-20 06:37:00
TXN2269,order_329964,29900,INR,card,captured,cust_7616,2026-08-17 02:55:00
TXN2270,order_361912,49900,INR,netbanking,captured,cust_8571,2026-08-20 00:18:00
TXN2271,order_492975,29900,INR,emi,captured,cust_7308,2026-07-15 22:13:00
TXN2272,order_115017,29900,INR,upi,captured,cust_1191,2026-07-09 16:50:00
TXN2273,order_956675,499900,INR,wallet,captured,cust_8206,2026-08-18 09:21:00
TXN2274,order_905842,199900,INR,netbanking,captured,cust_8984,2026-07-05 18:44:00
TXN2275,order_997805,199900,INR,emi,captured,cust_1416,2026-08-15 21:10:00
TXN2276,order_970399,19900,INR,upi,captured,cust_6695,2026-07-27 01:42:00
TXN2277,order_186997,29900,INR,wallet,captured,cust_4634,2026-07-10 07:48:00
TXN2278,order_730127,29900,INR,emi,captured,cust_9735,2026-07-07 07:27:00
TXN2279,order_656657,29900,INR,netbanking,captured,cust_4707,2026-08-21 20:17:00
TXN2280,order_520345,99900,INR,wallet,captured,cust_8667,2026-07-05 07:34:00
TXN2281,order_178507,99900,INR,emi,captured,cust_2094,2026-07-20 14:47:00
TXN2282,order_250776,999900,INR,card,captured,cust_7865,2026-07-14 16:35:00
TXN2283,order_389635,29900,INR,wallet,captured,cust_3487,2026-08-24 00:13:00
TXN2284,order_804892,99900,INR,netbanking,captured,cust_9589,2026-08-31 03:53:00
TXN2285,order_792502,999900,INR,netbanking,captured,cust_8444,2026-07-10 20:26:00
TXN2286,order_457959,99900,INR,upi,captured,cust_7978,2026-08-07 15:53:00
TXN2287,order_933047,999900,INR,netbanking,captured,cust_6940,2026-08-17 07:54:00
TXN2288,order_553485,499900,INR,upi,captured,cust_5519,2026-07-22 20:05:00
TXN2289,order_976920,99900,INR,netbanking,captured,cust_8955,2026-08-26 23:54:00
TXN2290,order_332142,499900,INR,netbanking,captured,cust_7157,2026-08-25 01:29:00
TXN2291,order_213034,19900,INR,emi,captured,cust_7911,2026-08-25 20:12:00
TXN2292,order_926420,999900,INR,wallet,captured,cust_8074,2026-07-26 07:58:00
TXN2293,order_444941,19900,INR,netbanking,captured,cust_8481,2026-07-04 10:09:00
TXN2294,order_360781,99900,INR,wallet,captured,cust_5311,2026-07-12 22:40:00
TXN2295,order_998258,19900,INR,netbanking,captured,cust_4728,2026-08-09 04:26:00
TXN2296,order_857009,19900,INR,wallet,captured,cust_7270,2026-08-11 04:29:00
TXN2297,order_609021,199900,INR,netbanking,captured,cust_3608,2026-07-11 09:03:00
TXN2298,order_299008,99900,INR,emi,captured,cust_9818,2026-07-18 03:25:00
TXN2299,order_197898,19900,INR,emi,captured,cust_3388,2026-07-04 02:35:00
TXN2300,order_470985,499900,INR,card,captured,cust_5815,2026-07-04 11:54:00
TXN2301,order_335745,999900,INR,upi,captured,cust_5485,2026-08-16 06:51:00
TXN2302,order_973723,49900,INR,card,captured,cust_4538,2026-07-06 16:32:00
TXN2303,order_355517,9900,INR,emi,captured,cust_4149,2026-08-01 09:34:00
TXN2304,order_709113,499900,INR,emi,captured,cust_6963,2026-07-06 11:13:00
TXN2305,order_346106,199900,INR,emi,captured,cust_5045,2026-08-09 21:16:00
TXN2306,order_428712,19900,INR,emi,captured,cust_4669,2026-08-17 00:38:00
TXN2307,order_977252,9900,INR,wallet,captured,cust_2059,2026-07-23 09:29:00
TXN2308,order_570253,9900,INR,netbanking,captured,cust_6806,2026-08-01 01:51:00
TXN2309,order_614651,499900,INR,card,captured,cust_9821,2026-08-06 17:18:00
TXN2310,order_937200,499900,INR,card,captured,cust_1111,2026-07-13 06:17:00
TXN2311,order_715983,19900,INR,upi,captured,cust_3641,2026-07-23 21:27:00
TXN2312,order_619018,19900,INR,netbanking,captured,cust_7347,2026-08-26 20:35:00
TXN2313,order_597452,29900,INR,netbanking,captured,cust_8051,2026-08-20 20:41:00
TXN2314,order_373159,499900,INR,card,captured,cust_6565,2026-08-17 12:19:00
TXN2315,order_370289,9900,INR,emi,captured,cust_2564,2026-08-28 06:57:00
TXN2316,order_113189,9900,INR,netbanking,captured,cust_7141,2026-08-07 14:59:00
TXN2317,order_661212,49900,INR,netbanking,captured,cust_7130,2026-08-25 02:02:00
TXN2318,order_987067,29900,INR,emi,captured,cust_9807,2026-08-22 09:59:00
TXN2319,order_213010,199900,INR,card,captured,cust_9153,2026-07-25 07:50:00
TXN2320,order_453786,999900,INR,emi,captured,cust_2906,2026-07-09 11:10:00
TXN2321,order_248249,49900,INR,wallet,captured,cust_8871,2026-08-19 11:58:00
TXN2322,order_436124,499900,INR,emi,captured,cust_8338,2026-07-21 17:42:00
TXN2323,order_556276,499900,INR,upi,captured,cust_8931,2026-07-31 23:29:00
TXN2324,order_908287,9900,INR,emi,captured,cust_6031,2026-07-09 22:48:00
TXN2325,order_150285,9900,INR,upi,captured,cust_9810,2026-08-12 11:48:00
TXN2326,order_488837,9900,INR,card,captured,cust_6247,2026-08-25 09:49:00
TXN2327,order_316779,9900,INR,upi,captured,cust_2905,2026-07-03 11:47:00
TXN2328,order_508856,49900,INR,netbanking,captured,cust_5033,2026-07-04 11:58:00
TXN2329,order_785072,99900,INR,wallet,captured,cust_7178,2026-07-18 23:34:00
TXN2330,order_956397,999900,INR,netbanking,captured,cust_1684,2026-07-24 23:20:00
TXN2331,order_822992,49900,INR,upi,captured,cust_9004,2026-07-22 20:53:00
TXN2332,order_368958,499900,INR,netbanking,captured,cust_5284,2026-07-28 14:42:00
TXN2333,order_514089,49900,INR,upi,captured,cust_1584,2026-07-27 08:48:00
TXN2334,order_339751,9900,INR,wallet,captured,cust_2104,2026-08-20 21:12:00
TXN2335,order_488918,999900,INR,card,captured,cust_9251,2026-08-03 04:11:00
TXN2336,order_433364,9900,INR,emi,captured,cust_5109,2026-08-31 19:39:00
TXN2337,order_584479,49900,INR,upi,captured,cust_9283,2026-08-06 11:51:00
TXN2338,order_303779,199900,INR,wallet,captured,cust_9659,2026-08-30 09:56:00
TXN2339,order_268923,29900,INR,emi,captured,cust_7716,2026-08-11 22:53:00
TXN2340,order_278169,199900,INR,netbanking,captured,cust_4828,2026-08-29 19:03:00
TXN2341,order_161255,499900,INR,emi,captured,cust_9938,2026-08-24 16:12:00
TXN2342,order_964024,999900,INR,emi,captured,cust_7336,2026-07-21 11:42:00
TXN2343,order_816052,999900,INR,emi,captured,cust_3509,2026-08-15 12:20:00
TXN2344,order_400798,29900,INR,wallet,captured,cust_8073,2026-08-15 18:37:00
TXN2345,order_582273,499900,INR,emi,captured,cust_6782,2026-07-08 16:35:00
TXN2346,order_538017,999900,INR,wallet,captured,cust_6341,2026-08-03 11:31:00
TXN2347,order_327498,49900,INR,emi,captured,cust_6954,2026-08-19 00:18:00
TXN2348,order_421806,49900,INR,wallet,captured,cust_8410,2026-08-22 08:54:00
TXN2349,order_327727,199900,INR,emi,captured,cust_9478,2026-07-06 18:18:00
TXN2350,order_316481,499900,INR,emi,captured,cust_3553,2026-07-20 18:43:00
TXN2351,order_591341,49900,INR,card,captured,cust_9693,2026-07-14 08:40:00
TXN2352,order_925189,19900,INR,upi,captured,cust_1864,2026-08-30 23:02:00
TXN2353,order_428512,199900,INR,card,captured,cust_2081,2026-07-15 19:47:00
TXN2354,order_837781,29900,INR,netbanking,captured,cust_3490,2026-08-12 20:09:00
TXN2355,order_658162,499900,INR,card,captured,cust_5607,2026-07-27 06:20:00
TXN2356,order_253769,999900,INR,upi,captured,cust_8746,2026-07-14 22:52:00
TXN2357,order_714649,199900,INR,wallet,captured,cust_1325,2026-07-25 05:49:00
TXN2358,order_189139,199900,INR,upi,captured,cust_7449,2026-08-20 19:21:00
TXN2359,order_845965,19900,INR,netbanking,captured,cust_7844,2026-07-24 08:59:00
TXN2360,order_301350,99900,INR,emi,captured,cust_3734,2026-07-05 23:29:00
TXN2361,order_421531,99900,INR,wallet,captured,cust_8505,2026-08-04 13:58:00
TXN2362,order_111196,9900,INR,netbanking,captured,cust_7363,2026-08-07 17:03:00
TXN2363,order_942159,499900,INR,wallet,captured,cust_5285,2026-07-17 13:52:00
TXN2364,order_187352,999900,INR,upi,captured,cust_9336,2026-07-11 02:02:00
TXN2365,order_178029,29900,INR,netbanking,captured,cust_2431,2026-08-27 19:24:00
TXN2366,order_747454,19900,INR,card,captured,cust_6421,2026-07-25 03:05:00
TXN2367,order_309213,19900,INR,card,captured,cust_4818,2026-08-26 01:55:00
TXN2368,order_505695,199900,INR,emi,captured,cust_9115,2026-08-19 08:08:00
TXN2369,order_809004,9900,INR,wallet,captured,cust_4239,2026-08-20 08:00:00
TXN2370,order_230034,19900,INR,card,failed,cust_3661,2026-08-20 13:12:00
TXN2371,order_513839,99900,INR,emi,captured,cust_7988,2026-08-05 07:20:00
TXN2372,order_352466,9900,INR,netbanking,captured,cust_9092,2026-08-13 18:56:00
TXN2373,order_183835,999900,INR,upi,captured,cust_6922,2026-07-15 02:55:00
TXN2374,order_980515,199900,INR,wallet,captured,cust_9187,2026-08-09 00:09:00
TXN2375,order_672435,49900,INR,card,captured,cust_7713,2026-07-25 18:58:00
TXN2376,order_934930,499900,INR,wallet,captured,cust_7317,2026-07-07 09:32:00
TXN2377,order_926556,199900,INR,wallet,captured,cust_1228,2026-07-07 03:51:00
TXN2378,order_292843,49900,INR,upi,captured,cust_6526,2026-08-30 11:30:00
TXN2379,order_266006,99900,INR,emi,captured,cust_9177,2026-08-14 16:48:00
TXN2380,order_798130,9900,INR,netbanking,captured,cust_5740,2026-08-25 21:40:00
TXN2381,order_618239,49900,INR,wallet,captured,cust_6547,2026-07-31 23:41:00
TXN2382,order_549836,19900,INR,emi,captured,cust_7117,2026-08-23 07:42:00
TXN2383,order_118570,999900,INR,netbanking,captured,cust_4824,2026-08-05 16:47:00
TXN2384,order_303819,29900,INR,netbanking,captured,cust_4750,2026-07-12 03:24:00
TXN2385,order_428686,19900,INR,wallet,captured,cust_9670,2026-07-14 19:21:00
TXN2386,order_571319,499900,INR,card,captured,cust_1967,2026-07-12 15:15:00
TXN2387,order_103201,199900,INR,netbanking,captured,cust_5468,2026-07-10 04:30:00
TXN2388,order_734148,49900,INR,card,captured,cust_1992,2026-07-03 04:22:00
TXN2389,order_929118,499900,INR,wallet,captured,cust_3360,2026-07-18 23:41:00
TXN2390,order_775270,499900,INR,upi,captured,cust_3418,2026-08-08 09:11:00
TXN2391,order_264603,999900,INR,netbanking,captured,cust_8427,2026-08-25 15:31:00
TXN2392,order_229934,9900,INR,netbanking,captured,cust_7144,2026-07-27 08:37:00
TXN2393,order_439617,499900,INR,card,captured,cust_5635,2026-08-11 04:07:00
TXN2394,order_158572,29900,INR,wallet,captured,cust_9565,2026-08-27 21:52:00
TXN2395,order_474426,199900,INR,upi,captured,cust_7562,2026-08-05 13:12:00
TXN2396,order_928090,499900,INR,card,captured,cust_3606,2026-07-27 21:08:00
TXN2397,order_350887,9900,INR,emi,captured,cust_4694,2026-08-30 22:19:00
TXN2398,order_144224,49900,INR,card,captured,cust_6234,2026-07-02 19:05:00
TXN2399,order_902723,99900,INR,wallet,captured,cust_2113,2026-08-30 02:15:00
TXN2400,order_137754,49900,INR,card,captured,cust_2320,2026-07-25 09:00:00
TXN2401,order_323114,29900,INR,emi,captured,cust_5352,2026-08-31 03:13:00
TXN2402,order_267628,49900,INR,emi,captured,cust_5265,2026-08-15 13:48:00
TXN2403,order_567186,499900,INR,card,captured,cust_2748,2026-08-20 20:58:00
TXN2404,order_806956,49900,INR,emi,captured,cust_4765,2026-07-10 14:37:00
TXN2405,order_326936,29900,INR,netbanking,captured,cust_6363,2026-08-18 08:14:00
TXN2406,order_890478,29900,INR,wallet,captured,cust_5071,2026-08-01 06:22:00
TXN2407,order_994101,9900,INR,emi,captured,cust_5971,2026-08-28 23:43:00
TXN2408,order_485928,49900,INR,card,captured,cust_5587,2026-08-04 00:04:00
TXN2409,order_907868,9900,INR,upi,captured,cust_4353,2026-08-12 19:44:00
TXN2410,order_218055,19900,INR,card,captured,cust_5424,2026-08-02 05:16:00
TXN2411,order_603028,19900,INR,card,captured,cust_1489,2026-08-18 21:35:00
TXN2412,order_970791,999900,INR,wallet,captured,cust_2032,2026-08-20 23:24:00
TXN2413,order_602447,49900,INR,netbanking,captured,cust_4081,2026-08-30 02:43:00
TXN2414,order_146266,499900,INR,emi,captured,cust_1774,2026-07-02 01:29:00
TXN2415,order_960581,999900,INR,emi,captured,cust_9859,2026-08-21 12:18:00
TXN2416,order_282413,499900,INR,netbanking,captured,cust_9102,2026-08-02 12:11:00
TXN2417,order_365499,29900,INR,netbanking,captured,cust_9834,2026-07-03 12:19:00
TXN2418,order_630949,29900,INR,emi,captured,cust_3612,2026-08-10 06:20:00
TXN2419,order_964745,499900,INR,upi,captured,cust_9214,2026-07-10 10:04:00
TXN2420,order_104236,99900,INR,emi,captured,cust_6486,2026-07-20 18:13:00
TXN2421,order_977101,199900,INR,emi,captured,cust_7435,2026-07-03 11:27:00
TXN2422,order_886249,499900,INR,upi,captured,cust_4085,2026-08-17 03:19:00
TXN2423,order_251367,19900,INR,netbanking,captured,cust_9879,2026-08-16 11:41:00
TXN2424,order_124647,9900,INR,upi,captured,cust_2168,2026-08-13 20:47:00
TXN2425,order_542412,199900,INR,wallet,captured,cust_7352,2026-08-31 01:22:00
TXN2426,order_749338,999900,INR,emi,captured,cust_1516,2026-07-25 22:17:00
TXN2427,order_368207,999900,INR,wallet,captured,cust_6751,2026-07-14 06:11:00
TXN2428,order_140550,999900,INR,upi,captured,cust_5020,2026-08-01 15:26:00
TXN2429,order_453771,49900,INR,emi,captured,cust_8392,2026-08-01 22:40:00
TXN2430,order_110793,29900,INR,emi,captured,cust_9295,2026-07-07 02:11:00
TXN2431,order_585679,99900,INR,emi,captured,cust_5148,2026-08-07 06:19:00
TXN2432,order_614954,29900,INR,wallet,captured,cust_6429,2026-08-13 18:58:00
TXN2433,order_605566,999900,INR,card,captured,cust_3893,2026-08-31 11:11:00
TXN2434,order_291551,49900,INR,netbanking,captured,cust_4747,2026-07-07 02:23:00
TXN2435,order_221728,19900,INR,card,captured,cust_1387,2026-08-23 19:13:00
TXN2436,order_650686,199900,INR,emi,captured,cust_8148,2026-08-25 10:30:00
TXN2437,order_375540,199900,INR,wallet,captured,cust_3253,2026-08-06 07:02:00
TXN2438,order_698129,29900,INR,card,captured,cust_5309,2026-08-03 02:26:00
TXN2439,order_141686,49900,INR,card,captured,cust_7401,2026-08-22 14:52:00
TXN2440,order_634979,9900,INR,upi,captured,cust_1145,2026-07-29 02:43:00
TXN2441,order_355512,999900,INR,card,captured,cust_4508,2026-08-19 02:30:00
TXN2442,order_764164,19900,INR,card,captured,cust_2114,2026-07-20 19:06:00
TXN2443,order_272734,49900,INR,wallet,captured,cust_5300,2026-07-09 03:37:00
TXN2444,order_918551,499900,INR,upi,captured,cust_7402,2026-08-19 02:14:00
TXN2445,order_233511,999900,INR,emi,captured,cust_3576,2026-07-02 07:04:00
TXN2446,order_553762,9900,INR,wallet,captured,cust_3384,2026-08-27 06:55:00
TXN2447,order_512370,99900,INR,wallet,captured,cust_6359,2026-07-21 13:41:00
TXN2448,order_636283,999900,INR,wallet,captured,cust_3248,2026-07-14 01:23:00
TXN2449,order_825010,999900,INR,netbanking,captured,cust_5122,2026-07-28 07:21:00
TXN2450,order_723309,49900,INR,netbanking,captured,cust_4133,2026-07-03 13:02:00
TXN2451,order_965846,199900,INR,emi,captured,cust_7944,2026-07-19 10:43:00
TXN2452,order_819301,199900,INR,emi,captured,cust_9521,2026-07-27 13:47:00
TXN2453,order_928317,199900,INR,card,captured,cust_5024,2026-07-06 03:09:00
TXN2454,order_457983,29900,INR,netbanking,captured,cust_7169,2026-07-24 21:44:00
TXN2455,order_951434,99900,INR,wallet,captured,cust_9374,2026-08-02 06:23:00
TXN2456,order_378607,9900,INR,wallet,captured,cust_8162,2026-07-22 08:22:00
TXN2457,order_289902,19900,INR,netbanking,captured,cust_5544,2026-07-14 22:58:00
TXN2458,order_661221,99900,INR,card,captured,cust_7934,2026-07-12 20:01:00
TXN2459,order_694088,9900,INR,upi,captured,cust_5656,2026-08-24 13:21:00
TXN2460,order_331145,99900,INR,emi,captured,cust_6189,2026-08-09 16:51:00
TXN2461,order_746233,9900,INR,card,captured,cust_5419,2026-08-26 05:13:00
TXN2462,order_358152,499900,INR,card,captured,cust_3843,2026-08-16 09:21:00
TXN2463,order_350369,99900,INR,wallet,captured,cust_4496,2026-07-25 04:06:00
TXN2464,order_565707,999900,INR,card,captured,cust_7228,2026-07-15 11:06:00
TXN2465,order_315093,999900,INR,wallet,captured,cust_9176,2026-07-12 07:39:00
TXN2466,order_315450,199900,INR,card,captured,cust_7187,2026-07-17 21:22:00
TXN2467,order_317192,49900,INR,netbanking,captured,cust_5762,2026-08-09 11:43:00
TXN2468,order_819839,49900,INR,upi,captured,cust_6655,2026-08-03 01:09:00
TXN2469,order_557485,999900,INR,wallet,captured,cust_5409,2026-08-26 10:44:00
TXN2470,order_276728,49900,INR,emi,captured,cust_4206,2026-07-21 07:22:00
TXN2471,order_150309,49900,INR,upi,captured,cust_1820,2026-07-17 18:55:00
TXN2472,order_367539,999900,INR,card,captured,cust_4047,2026-08-13 19:06:00
TXN2473,order_645792,19900,INR,card,captured,cust_3882,2026-07-07 21:21:00
TXN2474,order_276083,49900,INR,upi,captured,cust_2103,2026-07-11 17:22:00
TXN2475,order_659890,19900,INR,wallet,captured,cust_9743,2026-07-27 12:14:00
TXN2476,order_903575,99900,INR,emi,captured,cust_1931,2026-07-10 23:28:00
TXN2477,order_591852,29900,INR,card,captured,cust_5575,2026-08-16 04:07:00
TXN2478,order_844708,19900,INR,card,captured,cust_2098,2026-08-21 03:22:00
TXN2479,order_937642,999900,INR,wallet,captured,cust_9602,2026-07-27 06:14:00
TXN2480,order_648898,499900,INR,card,captured,cust_4389,2026-07-30 08:52:00
TXN2481,order_532446,499900,INR,wallet,captured,cust_4255,2026-08-12 12:59:00
TXN2482,order_886796,29900,INR,wallet,captured,cust_3291,2026-07-07 05:10:00
TXN2483,order_560352,99900,INR,wallet,captured,cust_4353,2026-08-06 09:15:00
TXN2484,order_357284,29900,INR,upi,captured,cust_7333,2026-08-13 12:57:00
TXN2485,order_472007,999900,INR,upi,captured,cust_4169,2026-07-03 08:56:00
TXN2486,order_253028,99900,INR,upi,captured,cust_7082,2026-08-30 07:47:00
TXN2487,order_450267,999900,INR,netbanking,captured,cust_9470,2026-07-23 13:42:00
TXN2488,order_554461,9900,INR,emi,captured,cust_3512,2026-07-16 00:24:00
TXN2489,order_857641,99900,INR,card,captured,cust_5518,2026-08-22 17:55:00
TXN2490,order_146151,99900,INR,upi,captured,cust_7841,2026-08-23 17:34:00
TXN2491,order_695787,99900,INR,card,captured,cust_5350,2026-08-31 21:50:00
TXN2492,order_329737,999900,INR,card,captured,cust_8530,2026-07-03 02:29:00
TXN2493,order_370620,199900,INR,netbanking,captured,cust_9520,2026-07-29 19:18:00
TXN2494,order_337186,9900,INR,wallet,captured,cust_5924,2026-08-01 15:39:00
TXN2495,order_720434,99900,INR,netbanking,captured,cust_4587,2026-08-25 19:25:00
TXN2496,order_519273,499900,INR,emi,captured,cust_8883,2026-08-10 14:55:00
TXN2497,order_556784,499900,INR,wallet,captured,cust_6468,2026-08-22 10:30:00
TXN2498,order_515597,49900,INR,wallet,captured,cust_3701,2026-08-04 16:42:00
TXN2499,order_186308,9900,INR,card,captured,cust_3488,2026-07-28 10:29:00
TXN2500,order_134272,29900,INR,netbanking,captured,cust_6853,2026-07-09 12:17:00
TXN2501,order_424814,199900,INR,upi,captured,cust_1003,2026-08-29 05:55:00
TXN2502,order_212762,99900,INR,emi,captured,cust_5660,2026-08-13 04:07:00
TXN2503,order_993801,99900,INR,card,captured,cust_4666,2026-07-21 01:28:00
TXN2504,order_797312,29900,INR,wallet,captured,cust_6020,2026-07-11 09:38:00
TXN2505,order_946165,49900,INR,netbanking,captured,cust_3436,2026-07-20 13:47:00
TXN2506,order_716230,19900,INR,card,captured,cust_2203,2026-08-25 09:52:00
TXN2507,order_435492,49900,INR,wallet,captured,cust_5956,2026-08-04 10:53:00
TXN2508,order_135479,199900,INR,card,captured,cust_1514,2026-08-06 17:38:00
TXN2509,order_586019,499900,INR,netbanking,captured,cust_7919,2026-08-03 19:08:00
TXN2510,order_362773,499900,INR,upi,captured,cust_3299,2026-07-31 13:51:00
TXN2511,order_908305,9900,INR,netbanking,captured,cust_6524,2026-07-17 13:09:00
TXN2512,order_909047,49900,INR,card,captured,cust_9273,2026-08-22 13:17:00
TXN2513,order_654418,49900,INR,wallet,captured,cust_9964,2026-07-13 00:09:00
TXN2514,order_398304,199900,INR,upi,captured,cust_2028,2026-08-05 05:20:00
TXN2515,order_333727,999900,INR,netbanking,captured,cust_4759,2026-08-12 03:06:00
TXN2516,order_656524,49900,INR,upi,captured,cust_8045,2026-08-17 09:45:00
TXN2517,order_661258,499900,INR,upi,captured,cust_6016,2026-07-30 00:10:00
TXN2518,order_793411,99900,INR,upi,captured,cust_6383,2026-07-08 16:01:00
TXN2519,order_444745,49900,INR,wallet,captured,cust_5230,2026-08-30 20:52:00
TXN2520,order_369581,499900,INR,card,captured,cust_6921,2026-07-05 10:47:00
TXN2521,order_668663,19900,INR,upi,captured,cust_4924,2026-08-22 20:06:00
TXN2522,order_218877,999900,INR,netbanking,captured,cust_9758,2026-08-24 07:11:00
TXN2523,order_228028,999900,INR,emi,captured,cust_6787,2026-08-14 21:38:00
TXN2524,order_119112,19900,INR,upi,captured,cust_9762,2026-08-21 19:39:00
TXN2525,order_456705,499900,INR,wallet,captured,cust_4479,2026-08-25 07:11:00
TXN2526,order_751244,999900,INR,emi,captured,cust_4715,2026-07-15 01:56:00
TXN2527,order_138146,999900,INR,card,captured,cust_7103,2026-08-31 05:38:00
TXN2528,order_585995,19900,INR,card,captured,cust_2908,2026-07-09 20:22:00
TXN2529,order_678399,199900,INR,upi,captured,cust_6194,2026-07-23 22:10:00
TXN2530,order_663170,499900,INR,netbanking,captured,cust_3243,2026-08-29 20:57:00
TXN2531,order_394301,199900,INR,wallet,captured,cust_6052,2026-08-27 07:37:00
TXN2532,order_399006,199900,INR,card,captured,cust_9600,2026-07-17 21:05:00
TXN2533,order_377033,199900,INR,netbanking,captured,cust_2291,2026-07-06 20:49:00
TXN2534,order_426619,19900,INR,emi,captured,cust_5869,2026-07-03 05:05:00
TXN2535,order_888845,9900,INR,netbanking,captured,cust_5408,2026-07-04 10:55:00
TXN2536,order_198896,9900,INR,upi,captured,cust_6916,2026-07-05 08:58:00
TXN2537,order_266521,49900,INR,upi,captured,cust_2701,2026-08-10 18:49:00
TXN2538,order_864148,29900,INR,card,captured,cust_7683,2026-07-15 02:28:00
TXN2539,order_933262,49900,INR,wallet,captured,cust_7364,2026-07-27 16:57:00
TXN2540,order_524170,499900,INR,emi,captured,cust_3042,2026-08-13 15:45:00
TXN2541,order_734656,999900,INR,upi,captured,cust_5144,2026-08-24 11:23:00
TXN2542,order_708388,19900,INR,card,captured,cust_5095,2026-08-23 01:58:00
TXN2543,order_513892,29900,INR,card,captured,cust_4443,2026-08-14 20:24:00
TXN2544,order_457938,49900,INR,wallet,captured,cust_3019,2026-08-22 19:14:00
TXN2545,order_497121,99900,INR,wallet,captured,cust_4387,2026-07-20 17:06:00
TXN2546,order_798201,49900,INR,wallet,captured,cust_1050,2026-07-31 15:33:00
TXN2547,order_919350,9900,INR,wallet,captured,cust_5705,2026-07-29 14:47:00
TXN2548,order_546853,9900,INR,wallet,captured,cust_6699,2026-07-12 07:56:00
TXN2549,order_571170,49900,INR,netbanking,captured,cust_8870,2026-07-09 08:36:00
TXN2550,order_776562,999900,INR,wallet,captured,cust_3370,2026-08-17 06:28:00
TXN2551,order_488847,99900,INR,upi,captured,cust_7614,2026-08-14 02:27:00
TXN2552,order_364344,49900,INR,emi,captured,cust_9682,2026-07-08 04:24:00
TXN2553,order_443279,499900,INR,emi,captured,cust_2777,2026-08-10 23:30:00
TXN2554,order_943677,99900,INR,emi,captured,cust_6847,2026-08-19 03:35:00
TXN2555,order_754960,49900,INR,card,captured,cust_8723,2026-08-11 22:06:00
TXN2556,order_338632,499900,INR,emi,captured,cust_3244,2026-08-30 01:56:00
TXN2557,order_532390,19900,INR,upi,captured,cust_4616,2026-07-19 06:32:00
TXN2558,order_201561,9900,INR,netbanking,captured,cust_5594,2026-08-31 05:34:00
TXN2559,order_457369,49900,INR,emi,captured,cust_9796,2026-08-24 21:09:00
TXN2560,order_390541,29900,INR,upi,failed,cust_7747,2026-07-03 08:08:00
TXN2561,order_446810,19900,INR,upi,captured,cust_5549,2026-07-30 05:46:00
TXN2562,order_874793,19900,INR,emi,captured,cust_3571,2026-08-30 02:43:00
TXN2563,order_288105,49900,INR,card,captured,cust_8364,2026-08-19 19:42:00
TXN2564,order_223602,49900,INR,netbanking,captured,cust_3521,2026-07-22 14:07:00
TXN2565,order_496452,9900,INR,card,captured,cust_7887,2026-08-08 22:26:00
TXN2566,order_261207,499900,INR,upi,captured,cust_5360,2026-08-04 16:16:00
TXN2567,order_265042,49900,INR,wallet,captured,cust_8292,2026-08-04 18:21:00
TXN2568,order_372869,49900,INR,upi,captured,cust_9772,2026-08-19 11:42:00
TXN2569,order_220950,29900,INR,upi,captured,cust_2854,2026-08-17 00:16:00
TXN2570,order_643114,29900,INR,emi,captured,cust_1831,2026-07-06 16:09:00
TXN2571,order_650581,19900,INR,netbanking,captured,cust_3921,2026-08-15 13:25:00
TXN2572,order_246499,49900,INR,upi,captured,cust_7916,2026-07-29 19:21:00
TXN2573,order_814435,99900,INR,netbanking,captured,cust_1447,2026-08-30 22:12:00
TXN2574,order_438162,29900,INR,emi,captured,cust_2609,2026-08-26 21:16:00
TXN2575,order_884829,9900,INR,card,captured,cust_9257,2026-08-09 13:36:00
TXN2576,order_267011,19900,INR,emi,captured,cust_9847,2026-07-10 19:22:00
TXN2577,order_647589,19900,INR,card,captured,cust_1695,2026-08-20 14:28:00
TXN2578,order_142344,499900,INR,wallet,captured,cust_5280,2026-08-30 22:22:00
TXN2579,order_458077,19900,INR,netbanking,captured,cust_7638,2026-07-16 07:43:00
TXN2580,order_533032,29900,INR,netbanking,captured,cust_1802,2026-07-30 16:40:00
TXN2581,order_143907,9900,INR,wallet,captured,cust_8537,2026-08-28 10:47:00
TXN2582,order_163660,99900,INR,upi,captured,cust_9660,2026-07-03 20:05:00
TXN2583,order_755966,99900,INR,card,captured,cust_5079,2026-07-27 08:29:00
TXN2584,order_779207,19900,INR,wallet,captured,cust_3318,2026-08-14 16:51:00
TXN2585,order_409488,29900,INR,emi,captured,cust_6038,2026-07-26 03:18:00
TXN2586,order_121715,49900,INR,wallet,captured,cust_9656,2026-07-14 01:52:00
TXN2587,order_916101,99900,INR,upi,captured,cust_7387,2026-08-02 22:08:00
TXN2588,order_144374,29900,INR,wallet,captured,cust_6569,2026-07-12 16:14:00
TXN2589,order_864670,9900,INR,upi,captured,cust_5584,2026-08-01 11:41:00
TXN2590,order_683102,29900,INR,netbanking,captured,cust_2008,2026-08-10 00:52:00
TXN2591,order_770125,9900,INR,netbanking,captured,cust_6817,2026-08-16 17:02:00
TXN2592,order_863836,49900,INR,card,captured,cust_8450,2026-07-11 20:55:00
TXN2593,order_150678,49900,INR,card,captured,cust_9070,2026-07-25 21:20:00
TXN2594,order_775312,199900,INR,card,captured,cust_2258,2026-08-29 10:06:00
TXN2595,order_508253,19900,INR,wallet,captured,cust_9592,2026-07-30 10:11:00
TXN2596,order_318841,9900,INR,upi,captured,cust_2835,2026-07-25 20:39:00
TXN2597,order_495618,199900,INR,wallet,captured,cust_5647,2026-07-22 01:29:00
TXN2598,order_751226,49900,INR,wallet,captured,cust_1949,2026-08-08 04:10:00
TXN2599,order_406439,49900,INR,card,captured,cust_1432,2026-08-06 07:30:00
TXN2600,order_954533,29900,INR,card,captured,cust_4934,2026-07-24 04:28:00
TXN2601,order_538586,19900,INR,upi,captured,cust_5816,2026-08-15 22:16:00
TXN2602,order_527030,9900,INR,netbanking,captured,cust_4893,2026-07-22 23:11:00
TXN2603,order_148610,19900,INR,upi,captured,cust_1294,2026-07-15 19:33:00
TXN2604,order_478873,499900,INR,wallet,captured,cust_1446,2026-07-06 04:55:00
TXN2605,order_818178,999900,INR,upi,captured,cust_3875,2026-08-11 00:47:00
TXN2606,order_957103,499900,INR,emi,captured,cust_8952,2026-07-27 18:33:00
TXN2607,order_775441,29900,INR,emi,captured,cust_1660,2026-08-18 07:07:00
TXN2608,order_105199,999900,INR,card,captured,cust_9660,2026-08-10 14:45:00
TXN2609,order_345101,199900,INR,emi,captured,cust_7071,2026-07-16 20:57:00
TXN2610,order_632046,199900,INR,emi,captured,cust_5681,2026-07-25 01:56:00
TXN2611,order_892952,499900,INR,emi,captured,cust_5856,2026-07-26 11:05:00
TXN2612,order_661265,199900,INR,emi,captured,cust_6412,2026-08-07 03:24:00
TXN2613,order_424632,49900,INR,card,captured,cust_4654,2026-07-06 17:54:00
TXN2614,order_523847,9900,INR,wallet,failed,cust_8749,2026-07-23 01:59:00
TXN2615,order_262530,499900,INR,upi,captured,cust_8241,2026-08-02 10:03:00
TXN2616,order_688942,49900,INR,emi,captured,cust_6927,2026-07-24 16:40:00
TXN2617,order_789186,9900,INR,netbanking,captured,cust_7676,2026-07-10 23:03:00
TXN2618,order_693774,499900,INR,netbanking,captured,cust_3412,2026-08-30 06:09:00
TXN2619,order_900173,199900,INR,emi,captured,cust_2531,2026-07-19 19:33:00
TXN2620,order_461462,499900,INR,upi,captured,cust_7978,2026-07-03 18:00:00
TXN2621,order_252795,49900,INR,emi,captured,cust_2969,2026-08-11 05:39:00
TXN2622,order_667770,29900,INR,card,captured,cust_1664,2026-07-25 14:06:00
TXN2623,order_101025,9900,INR,emi,captured,cust_7378,2026-08-04 04:35:00
TXN2624,order_974208,499900,INR,emi,captured,cust_6486,2026-08-19 21:55:00
TXN2625,order_493416,9900,INR,emi,captured,cust_2198,2026-07-21 15:55:00
TXN2626,order_911235,29900,INR,emi,captured,cust_3353,2026-08-19 05:32:00
TXN2627,order_331222,99900,INR,netbanking,captured,cust_5612,2026-08-30 08:32:00
TXN2628,order_570836,29900,INR,wallet,captured,cust_3247,2026-07-14 10:18:00
TXN2629,order_882094,999900,INR,wallet,captured,cust_3637,2026-07-03 11:01:00
TXN2630,order_649434,99900,INR,upi,captured,cust_2461,2026-08-19 17:48:00
TXN2631,order_279567,49900,INR,netbanking,captured,cust_2296,2026-07-04 11:54:00
TXN2632,order_810968,19900,INR,upi,captured,cust_4585,2026-07-24 19:00:00
TXN2633,order_590448,999900,INR,emi,captured,cust_4575,2026-07-26 12:36:00
TXN2634,order_721338,9900,INR,card,captured,cust_7481,2026-07-07 05:40:00
TXN2635,order_552103,99900,INR,netbanking,captured,cust_5098,2026-08-28 16:32:00
TXN2636,order_213542,29900,INR,wallet,captured,cust_4058,2026-07-15 08:18:00
TXN2637,order_302779,99900,INR,emi,captured,cust_6572,2026-07-03 10:50:00
TXN2638,order_735955,999900,INR,card,captured,cust_9836,2026-07-14 10:05:00
TXN2639,order_989272,29900,INR,emi,captured,cust_4750,2026-07-19 13:34:00
TXN2640,order_717203,499900,INR,wallet,captured,cust_2000,2026-07-19 20:31:00
TXN2641,order_643453,29900,INR,upi,captured,cust_2382,2026-08-08 23:36:00
TXN2642,order_466271,199900,INR,card,captured,cust_6997,2026-08-26 11:17:00
TXN2643,order_569009,19900,INR,netbanking,captured,cust_9566,2026-08-06 05:51:00
TXN2644,order_245483,199900,INR,emi,captured,cust_1646,2026-08-06 09:12:00
TXN2645,order_753721,99900,INR,emi,captured,cust_1619,2026-07-07 23:50:00
TXN2646,order_825397,49900,INR,emi,captured,cust_5108,2026-08-04 00:22:00
TXN2647,order_412619,199900,INR,emi,captured,cust_2376,2026-07-30 06:20:00
TXN2648,order_672199,999900,INR,upi,captured,cust_3933,2026-07-18 03:32:00
TXN2649,order_600801,49900,INR,emi,captured,cust_8405,2026-07-13 02:49:00
TXN2650,order_758315,999900,INR,wallet,captured,cust_3456,2026-07-23 06:29:00
TXN2651,order_986582,29900,INR,card,captured,cust_1625,2026-08-11 07:24:00
TXN2652,order_295283,49900,INR,netbanking,captured,cust_6904,2026-08-28 01:43:00
TXN2653,order_578816,9900,INR,upi,captured,cust_9876,2026-07-19 20:50:00
TXN2654,order_291423,499900,INR,wallet,captured,cust_5819,2026-07-25 11:48:00
TXN2655,order_239563,99900,INR,wallet,captured,cust_9948,2026-07-09 16:05:00
TXN2656,order_373393,19900,INR,netbanking,captured,cust_8918,2026-08-20 06:12:00
TXN2657,order_703396,29900,INR,wallet,captured,cust_4641,2026-07-02 05:46:00
TXN2658,order_737468,199900,INR,upi,captured,cust_7409,2026-08-17 07:54:00
TXN2659,order_777192,999900,INR,emi,captured,cust_1256,2026-08-15 11:06:00
TXN2660,order_401260,99900,INR,card,captured,cust_2965,2026-08-31 17:41:00
TXN2661,order_728098,999900,INR,card,captured,cust_6465,2026-08-28 17:27:00
TXN2662,order_931994,9900,INR,upi,captured,cust_2445,2026-07-09 12:47:00
TXN2663,order_442640,199900,INR,card,captured,cust_4513,2026-08-25 17:14:00
TXN2664,order_937606,499900,INR,wallet,captured,cust_5354,2026-07-08 13:58:00
TXN2665,order_136901,199900,INR,card,captured,cust_2999,2026-08-02 11:21:00
TXN2666,order_868083,29900,INR,wallet,captured,cust_9425,2026-08-31 15:37:00
TXN2667,order_446966,499900,INR,wallet,captured,cust_9297,2026-08-28 13:05:00
TXN2668,order_275730,29900,INR,wallet,captured,cust_5581,2026-07-17 13:28:00
TXN2669,order_982456,99900,INR,card,captured,cust_2944,2026-07-30 19:41:00
TXN2670,order_992351,9900,INR,upi,captured,cust_4761,2026-08-29 19:09:00
TXN2671,order_965932,19900,INR,netbanking,captured,cust_6308,2026-07-07 13:56:00
TXN2672,order_314005,499900,INR,emi,captured,cust_5968,2026-07-15 18:17:00
TXN2673,order_750077,999900,INR,card,captured,cust_8356,2026-07-31 01:01:00
TXN2674,order_106674,29900,INR,netbanking,captured,cust_7042,2026-07-08 07:13:00
TXN2675,order_651370,49900,INR,card,captured,cust_3190,2026-07-17 06:09:00
TXN2676,order_232430,49900,INR,emi,captured,cust_2517,2026-08-22 04:00:00
TXN2677,order_108509,19900,INR,emi,captured,cust_4341,2026-08-16 10:44:00
TXN2678,order_273077,999900,INR,wallet,captured,cust_3899,2026-07-29 01:55:00
TXN2679,order_586813,199900,INR,netbanking,captured,cust_8927,2026-07-15 12:25:00
TXN2680,order_698966,9900,INR,netbanking,captured,cust_8431,2026-08-22 04:55:00
TXN2681,order_207216,499900,INR,upi,captured,cust_2981,2026-07-27 18:15:00
TXN2682,order_820878,49900,INR,card,captured,cust_4049,2026-08-03 01:14:00
TXN2683,order_262730,49900,INR,wallet,captured,cust_6356,2026-07-06 18:54:00
TXN2684,order_347749,29900,INR,card,captured,cust_5006,2026-07-05 18:40:00
TXN2685,order_423025,99900,INR,wallet,captured,cust_9078,2026-08-24 08:14:00
TXN2686,order_403922,49900,INR,upi,captured,cust_9161,2026-07-26 13:44:00
TXN2687,order_568531,999900,INR,upi,captured,cust_3655,2026-08-20 05:49:00
TXN2688,order_724842,999900,INR,emi,captured,cust_9033,2026-07-04 08:14:00
TXN2689,order_256489,9900,INR,upi,captured,cust_1889,2026-08-23 12:35:00
TXN2690,order_146625,99900,INR,emi,captured,cust_8628,2026-07-31 04:09:00
TXN2691,order_348298,499900,INR,upi,captured,cust_5949,2026-07-11 22:48:00
TXN2692,order_185993,199900,INR,upi,captured,cust_3670,2026-08-02 21:38:00
TXN2693,order_698229,19900,INR,upi,captured,cust_6705,2026-07-13 19:19:00
TXN2694,order_308498,999900,INR,netbanking,captured,cust_4216,2026-07-21 00:28:00
TXN2695,order_186662,49900,INR,emi,captured,cust_3378,2026-07-31 21:22:00
TXN2696,order_265050,19900,INR,wallet,captured,cust_1876,2026-08-05 09:12:00
TXN2697,order_806150,19900,INR,upi,captured,cust_3960,2026-08-24 11:35:00
TXN2698,order_242592,199900,INR,emi,captured,cust_4507,2026-07-14 09:01:00
TXN2699,order_453698,49900,INR,emi,captured,cust_5939,2026-08-31 02:49:00
TXN2700,order_205338,19900,INR,netbanking,captured,cust_9598,2026-08-30 06:17:00
TXN2701,order_704430,199900,INR,card,captured,cust_1280,2026-08-22 04:42:00
TXN2702,order_498978,19900,INR,upi,captured,cust_6656,2026-07-11 17:15:00
TXN2703,order_620678,9900,INR,upi,captured,cust_4125,2026-08-17 09:53:00
TXN2704,order_442505,199900,INR,wallet,captured,cust_5249,2026-08-12 19:47:00
TXN2705,order_916338,29900,INR,upi,captured,cust_3017,2026-08-22 08:01:00
TXN2706,order_342018,999900,INR,netbanking,captured,cust_8259,2026-08-28 18:22:00
TXN2707,order_719511,9900,INR,wallet,captured,cust_9700,2026-08-17 19:52:00
TXN2708,order_434952,99900,INR,card,captured,cust_4634,2026-07-10 02:20:00
TXN2709,order_161496,19900,INR,upi,captured,cust_9132,2026-07-23 12:02:00
TXN2710,order_753164,19900,INR,netbanking,captured,cust_6702,2026-08-03 05:17:00
TXN2711,order_363487,999900,INR,upi,captured,cust_2811,2026-08-23 15:31:00
TXN2712,order_935986,19900,INR,upi,captured,cust_7759,2026-08-18 23:09:00
TXN2713,order_389585,19900,INR,wallet,captured,cust_1215,2026-08-21 10:27:00
TXN2714,order_212619,29900,INR,emi,captured,cust_1996,2026-08-30 00:54:00
TXN2715,order_574966,19900,INR,card,captured,cust_2305,2026-08-28 09:15:00
TXN2716,order_388932,999900,INR,netbanking,captured,cust_4220,2026-08-19 11:49:00
TXN2717,order_290553,199900,INR,emi,captured,cust_7978,2026-07-07 07:17:00
TXN2718,order_131125,49900,INR,upi,captured,cust_4282,2026-07-27 23:39:00
TXN2719,order_979053,499900,INR,wallet,captured,cust_2049,2026-08-04 19:55:00
TXN2720,order_995221,999900,INR,upi,captured,cust_7972,2026-08-29 22:43:00
TXN2721,order_933726,19900,INR,upi,captured,cust_3036,2026-08-03 05:29:00
TXN2722,order_885407,99900,INR,emi,captured,cust_2113,2026-08-16 06:11:00
TXN2723,order_361400,19900,INR,netbanking,captured,cust_9222,2026-07-12 18:58:00
TXN2724,order_921376,999900,INR,card,captured,cust_8192,2026-07-21 21:48:00
TXN2725,order_732277,99900,INR,upi,captured,cust_8945,2026-08-05 11:54:00
TXN2726,order_603203,99900,INR,card,captured,cust_3998,2026-08-17 18:12:00
TXN2727,order_696076,19900,INR,emi,captured,cust_5327,2026-08-03 23:56:00
TXN2728,order_246346,9900,INR,card,captured,cust_9856,2026-08-02 22:28:00
TXN2729,order_157590,29900,INR,upi,captured,cust_9941,2026-07-22 02:20:00
TXN2730,order_835908,999900,INR,card,captured,cust_1367,2026-07-05 20:55:00
TXN2731,order_518383,99900,INR,netbanking,captured,cust_8393,2026-07-28 19:50:00
TXN2732,order_491956,999900,INR,upi,captured,cust_5251,2026-07-28 18:57:00
TXN2733,order_597347,199900,INR,wallet,captured,cust_4095,2026-07-20 21:07:00
TXN2734,order_189263,99900,INR,emi,captured,cust_2376,2026-08-06 21:12:00
TXN2735,order_807097,99900,INR,card,captured,cust_9268,2026-07-24 02:33:00
TXN2736,order_888693,499900,INR,emi,captured,cust_1819,2026-07-02 02:01:00
TXN2737,order_717445,199900,INR,card,captured,cust_2448,2026-07-17 20:44:00
TXN2738,order_146159,999900,INR,emi,captured,cust_4672,2026-07-21 16:49:00
TXN2739,order_212206,999900,INR,emi,captured,cust_3977,2026-07-11 02:18:00
TXN2740,order_734122,499900,INR,netbanking,captured,cust_5073,2026-07-09 04:36:00
TXN2741,order_575067,99900,INR,card,captured,cust_6538,2026-08-27 10:00:00
TXN2742,order_472843,49900,INR,wallet,captured,cust_9233,2026-08-14 06:26:00
TXN2743,order_514385,999900,INR,card,captured,cust_2116,2026-07-14 07:32:00
TXN2744,order_973485,19900,INR,upi,failed,cust_2850,2026-08-12 21:47:00
TXN2745,order_714987,49900,INR,netbanking,captured,cust_4351,2026-07-20 04:20:00
TXN2746,order_343950,49900,INR,wallet,captured,cust_4056,2026-07-16 10:03:00
TXN2747,order_635868,19900,INR,wallet,captured,cust_6903,2026-08-10 01:59:00
TXN2748,order_251670,99900,INR,upi,captured,cust_1517,2026-07-23 20:33:00
TXN2749,order_129627,499900,INR,wallet,captured,cust_8933,2026-07-08 21:30:00
TXN2750,order_667323,9900,INR,wallet,captured,cust_2304,2026-08-02 06:51:00
TXN2751,order_988973,19900,INR,card,captured,cust_7463,2026-07-09 13:21:00
TXN2752,order_542693,49900,INR,emi,captured,cust_6105,2026-08-06 01:21:00
TXN2753,order_194682,199900,INR,netbanking,captured,cust_1807,2026-07-25 15:40:00
TXN2754,order_918986,999900,INR,netbanking,captured,cust_1728,2026-08-16 01:01:00
TXN2755,order_182424,499900,INR,upi,captured,cust_7469,2026-08-17 04:26:00
TXN2756,order_779077,29900,INR,upi,captured,cust_1914,2026-07-30 05:44:00
TXN2757,order_125976,99900,INR,card,captured,cust_1769,2026-08-12 07:23:00
TXN2758,order_815557,99900,INR,emi,captured,cust_1819,2026-07-23 10:33:00
TXN2759,order_269690,9900,INR,netbanking,captured,cust_8259,2026-08-11 10:05:00
TXN2760,order_920528,99900,INR,netbanking,captured,cust_1473,2026-08-17 17:10:00
TXN2761,order_370625,499900,INR,wallet,captured,cust_7860,2026-07-12 19:06:00
TXN2762,order_156824,19900,INR,wallet,captured,cust_4750,2026-07-22 13:22:00
TXN2763,order_808069,499900,INR,card,captured,cust_5818,2026-07-08 18:53:00
TXN2764,order_601601,999900,INR,netbanking,captured,cust_2103,2026-08-06 19:12:00
TXN2765,order_285469,99900,INR,upi,captured,cust_9247,2026-08-26 12:02:00
TXN2766,order_717411,499900,INR,wallet,captured,cust_2296,2026-07-17 08:25:00
TXN2767,order_940867,99900,INR,wallet,captured,cust_3688,2026-08-23 01:34:00
TXN2768,order_156068,49900,INR,emi,captured,cust_8843,2026-08-15 16:13:00
TXN2769,order_467373,29900,INR,netbanking,captured,cust_3021,2026-08-15 07:49:00
TXN2770,order_479615,99900,INR,upi,captured,cust_7019,2026-08-29 02:33:00
TXN2771,order_875702,29900,INR,card,captured,cust_4171,2026-07-08 21:53:00
TXN2772,order_907142,999900,INR,emi,captured,cust_7523,2026-07-16 21:32:00
TXN2773,order_277965,9900,INR,card,captured,cust_3780,2026-07-07 06:26:00
TXN2774,order_848910,9900,INR,emi,captured,cust_5045,2026-08-28 21:22:00
TXN2775,order_738457,49900,INR,netbanking,captured,cust_5370,2026-07-16 06:28:00
TXN2776,order_988951,49900,INR,netbanking,captured,cust_2701,2026-08-31 22:06:00
TXN2777,order_629694,99900,INR,emi,captured,cust_3822,2026-07-05 21:07:00
TXN2778,order_476925,99900,INR,netbanking,captured,cust_9766,2026-08-04 22:08:00
TXN2779,order_732047,49900,INR,wallet,captured,cust_6251,2026-07-17 06:54:00
TXN2780,order_578667,99900,INR,emi,captured,cust_7972,2026-07-15 11:09:00
TXN2781,order_163880,99900,INR,netbanking,captured,cust_8853,2026-08-01 05:16:00
TXN2782,order_343847,9900,INR,upi,captured,cust_7247,2026-07-07 00:22:00
TXN2783,order_313631,49900,INR,emi,captured,cust_2690,2026-08-03 18:27:00
TXN2784,order_791568,999900,INR,upi,captured,cust_3824,2026-08-06 18:04:00
TXN2785,order_684104,49900,INR,card,captured,cust_1244,2026-08-22 20:58:00
TXN2786,order_284265,9900,INR,upi,captured,cust_8110,2026-08-27 01:27:00
TXN2787,order_632596,999900,INR,wallet,captured,cust_5841,2026-08-24 23:25:00
TXN2788,order_402790,9900,INR,card,captured,cust_4997,2026-07-05 06:42:00
TXN2789,order_389788,499900,INR,emi,captured,cust_7695,2026-07-21 19:48:00
TXN2790,order_103827,49900,INR,upi,captured,cust_7063,2026-08-02 11:02:00
TXN2791,order_716904,499900,INR,wallet,captured,cust_1754,2026-07-09 21:39:00
TXN2792,order_196497,19900,INR,upi,captured,cust_5900,2026-07-05 03:35:00
TXN2793,order_981562,49900,INR,netbanking,captured,cust_7534,2026-08-31 09:26:00
TXN2794,order_745058,9900,INR,netbanking,captured,cust_7876,2026-07-13 06:12:00
TXN2795,order_860863,499900,INR,card,captured,cust_9650,2026-08-07 04:31:00
TXN2796,order_815263,999900,INR,emi,captured,cust_8024,2026-08-27 12:59:00
TXN2797,order_697006,999900,INR,wallet,captured,cust_1364,2026-08-30 01:22:00
TXN2798,order_901112,199900,INR,wallet,captured,cust_4060,2026-07-08 03:27:00
TXN2799,order_182480,9900,INR,emi,captured,cust_6918,2026-08-08 19:56:00
TXN2800,order_579113,99900,INR,upi,captured,cust_7309,2026-07-20 00:52:00
TXN2801,order_668129,29900,INR,netbanking,captured,cust_3257,2026-08-26 04:15:00
TXN2802,order_270623,29900,INR,emi,captured,cust_2219,2026-07-02 08:39:00
TXN2803,order_866940,199900,INR,netbanking,captured,cust_6678,2026-07-04 19:54:00
TXN2804,order_609719,9900,INR,netbanking,captured,cust_3318,2026-08-04 07:52:00
TXN2805,order_844810,9900,INR,upi,captured,cust_6606,2026-08-27 03:35:00
TXN2806,order_321534,29900,INR,netbanking,captured,cust_6375,2026-07-08 08:49:00
TXN2807,order_609057,29900,INR,card,captured,cust_2476,2026-07-18 15:15:00
TXN2808,order_508405,199900,INR,upi,captured,cust_1966,2026-08-01 21:57:00
TXN2809,order_984830,999900,INR,upi,captured,cust_8002,2026-07-10 02:55:00
TXN2810,order_338459,999900,INR,upi,captured,cust_1537,2026-07-10 05:52:00
TXN2811,order_368881,19900,INR,emi,captured,cust_5801,2026-07-26 14:25:00
TXN2812,order_936185,999900,INR,wallet,captured,cust_7752,2026-07-25 06:24:00
TXN2813,order_903199,19900,INR,wallet,captured,cust_9432,2026-07-09 00:55:00
TXN2814,order_943866,99900,INR,emi,captured,cust_2158,2026-08-26 17:03:00
TXN2815,order_912314,499900,INR,card,captured,cust_5862,2026-07-19 18:56:00
TXN2816,order_368470,49900,INR,netbanking,captured,cust_7645,2026-07-07 19:34:00
TXN2817,order_550118,999900,INR,card,captured,cust_5118,2026-07-25 06:46:00
TXN2818,order_433362,49900,INR,wallet,captured,cust_3259,2026-07-04 03:06:00
TXN2819,order_567157,999900,INR,netbanking,captured,cust_6497,2026-07-17 22:35:00
TXN2820,order_267201,49900,INR,emi,captured,cust_1557,2026-08-20 00:08:00
TXN2821,order_617351,99900,INR,upi,captured,cust_2633,2026-07-20 04:54:00
TXN2822,order_916745,499900,INR,upi,captured,cust_5832,2026-07-24 02:59:00
TXN2823,order_820096,29900,INR,card,captured,cust_7077,2026-07-22 23:35:00
TXN2824,order_832569,19900,INR,card,captured,cust_8171,2026-08-31 21:18:00
TXN2825,order_265579,499900,INR,upi,captured,cust_3999,2026-08-26 13:53:00
TXN2826,order_747637,199900,INR,upi,captured,cust_9066,2026-08-03 14:58:00
TXN2827,order_300553,29900,INR,wallet,captured,cust_6999,2026-07-24 06:57:00
TXN2828,order_887476,19900,INR,upi,captured,cust_4542,2026-08-31 11:42:00
TXN2829,order_707102,19900,INR,upi,captured,cust_4514,2026-08-14 12:52:00
TXN2830,order_832671,99900,INR,upi,captured,cust_2536,2026-08-27 06:41:00
TXN2831,order_745266,29900,INR,emi,captured,cust_7124,2026-08-09 12:12:00
TXN2832,order_134873,9900,INR,wallet,captured,cust_1314,2026-07-31 05:24:00
TXN2833,order_161645,19900,INR,emi,captured,cust_1722,2026-08-07 01:32:00
TXN2834,order_380028,29900,INR,card,captured,cust_6025,2026-07-20 17:24:00
TXN2835,order_121507,9900,INR,wallet,captured,cust_3575,2026-07-31 09:36:00
TXN2836,order_464840,9900,INR,upi,captured,cust_3130,2026-07-31 17:36:00
TXN2837,order_581693,99900,INR,card,captured,cust_3448,2026-07-25 22:20:00
TXN2838,order_447110,19900,INR,upi,captured,cust_1652,2026-08-31 00:10:00
TXN2839,order_105891,499900,INR,emi,captured,cust_2911,2026-08-15 17:00:00
TXN2840,order_330628,29900,INR,emi,captured,cust_6480,2026-07-03 23:42:00
TXN2841,order_998849,29900,INR,upi,captured,cust_7938,2026-08-21 05:13:00
TXN2842,order_148681,49900,INR,card,captured,cust_1138,2026-08-05 02:09:00
TXN2843,order_645952,29900,INR,upi,captured,cust_3065,2026-08-15 09:31:00
TXN2844,order_195246,199900,INR,card,captured,cust_3964,2026-08-17 01:12:00
TXN2845,order_276421,19900,INR,emi,captured,cust_9592,2026-07-16 02:50:00
TXN2846,order_104483,199900,INR,emi,captured,cust_9243,2026-08-25 10:54:00
TXN2847,order_677347,19900,INR,emi,captured,cust_8707,2026-07-06 13:24:00
TXN2848,order_198772,499900,INR,emi,captured,cust_6565,2026-07-29 22:15:00
TXN2849,order_674083,499900,INR,emi,captured,cust_8857,2026-07-02 19:28:00
TXN2850,order_156015,19900,INR,emi,captured,cust_3662,2026-08-23 18:14:00
TXN2851,order_408853,29900,INR,card,captured,cust_2452,2026-08-23 02:51:00
TXN2852,order_786642,49900,INR,card,captured,cust_2797,2026-07-03 00:05:00
TXN2853,order_871457,9900,INR,card,captured,cust_5538,2026-08-29 03:47:00
TXN2854,order_476622,29900,INR,upi,captured,cust_3140,2026-08-16 12:15:00
TXN2855,order_526936,99900,INR,wallet,captured,cust_1941,2026-08-19 23:17:00
TXN2856,order_473145,499900,INR,emi,captured,cust_2163,2026-08-25 04:26:00
TXN2857,order_194014,499900,INR,upi,captured,cust_1669,2026-08-01 14:36:00
TXN2858,order_885461,49900,INR,upi,captured,cust_9867,2026-07-02 23:44:00
TXN2859,order_510918,29900,INR,card,captured,cust_2941,2026-07-26 21:09:00
TXN2860,order_114671,9900,INR,netbanking,captured,cust_7843,2026-08-06 06:04:00
TXN2861,order_345228,499900,INR,card,captured,cust_6931,2026-08-26 05:28:00
TXN2862,order_415100,9900,INR,wallet,captured,cust_4089,2026-08-04 11:48:00
TXN2863,order_460489,9900,INR,netbanking,captured,cust_4109,2026-07-21 04:36:00
TXN2864,order_241232,499900,INR,upi,captured,cust_7732,2026-08-26 14:51:00
TXN2865,order_681755,199900,INR,netbanking,captured,cust_9408,2026-07-19 19:54:00
TXN2866,order_616939,19900,INR,emi,captured,cust_6097,2026-07-03 10:51:00
TXN2867,order_698625,499900,INR,netbanking,captured,cust_4922,2026-08-17 17:25:00
TXN2868,order_799096,9900,INR,netbanking,captured,cust_4314,2026-07-28 16:46:00
TXN2869,order_840720,199900,INR,emi,captured,cust_5375,2026-07-31 11:59:00
TXN2870,order_509368,99900,INR,wallet,captured,cust_5395,2026-08-10 09:35:00
TXN2871,order_351583,499900,INR,netbanking,captured,cust_7335,2026-07-26 08:06:00
TXN2872,order_393975,29900,INR,upi,captured,cust_9773,2026-08-20 13:42:00
TXN2873,order_421230,19900,INR,netbanking,captured,cust_7081,2026-08-20 11:22:00
TXN2874,order_290551,19900,INR,card,captured,cust_3239,2026-08-31 09:05:00
TXN2875,order_228492,99900,INR,upi,captured,cust_4201,2026-07-20 15:19:00
TXN2876,order_423953,49900,INR,upi,captured,cust_8502,2026-08-03 05:34:00
TXN2877,order_660105,19900,INR,wallet,captured,cust_3736,2026-07-02 07:08:00
TXN2878,order_486253,999900,INR,upi,captured,cust_4426,2026-07-04 06:43:00
TXN2879,order_284778,499900,INR,emi,captured,cust_9160,2026-07-11 09:44:00
TXN2880,order_774041,29900,INR,upi,captured,cust_3418,2026-07-18 07:34:00
TXN2881,order_705347,499900,INR,wallet,captured,cust_8668,2026-07-19 13:34:00
TXN2882,order_777071,9900,INR,netbanking,captured,cust_9798,2026-07-10 19:08:00
TXN2883,order_780606,9900,INR,upi,captured,cust_3919,2026-08-30 19:30:00
TXN2884,order_424207,29900,INR,netbanking,captured,cust_2964,2026-08-02 02:06:00
TXN2885,order_337721,19900,INR,card,captured,cust_2422,2026-07-14 11:27:00
TXN2886,order_227531,49900,INR,wallet,captured,cust_9488,2026-07-23 12:38:00
TXN2887,order_128090,29900,INR,emi,captured,cust_5032,2026-07-16 03:06:00
TXN2888,order_816057,49900,INR,card,captured,cust_8253,2026-08-22 18:51:00
TXN2889,order_299338,29900,INR,upi,captured,cust_4638,2026-08-13 12:06:00
TXN2890,order_543785,499900,INR,upi,captured,cust_2501,2026-07-30 12:58:00
TXN2891,order_296542,499900,INR,emi,captured,cust_3595,2026-07-31 20:12:00
TXN2892,order_114847,999900,INR,upi,captured,cust_4641,2026-08-22 11:54:00
TXN2893,order_798582,499900,INR,netbanking,captured,cust_4281,2026-07-28 15:11:00
TXN2894,order_320012,49900,INR,card,captured,cust_1276,2026-08-22 18:02:00
TXN2895,order_366082,29900,INR,netbanking,captured,cust_3527,2026-07-27 02:06:00
TXN2896,order_470922,499900,INR,upi,captured,cust_6530,2026-08-07 18:08:00
TXN2897,order_928748,999900,INR,card,captured,cust_5449,2026-08-27 03:53:00
TXN2898,order_967878,49900,INR,upi,captured,cust_5995,2026-07-31 02:40:00
TXN2899,order_792051,19900,INR,card,captured,cust_1939,2026-07-13 11:49:00
TXN2900,order_698643,999900,INR,netbanking,captured,cust_8801,2026-08-07 21:40:00
TXN2901,order_363640,19900,INR,card,captured,cust_2416,2026-07-03 03:18:00
TXN2902,order_693731,199900,INR,netbanking,captured,cust_2496,2026-08-04 15:59:00
TXN2903,order_719639,199900,INR,wallet,captured,cust_1986,2026-07-27 08:38:00
TXN2904,order_365940,29900,INR,wallet,captured,cust_9128,2026-08-21 03:00:00
TXN2905,order_422417,19900,INR,card,captured,cust_7611,2026-07-26 16:12:00
TXN2906,order_778707,999900,INR,wallet,captured,cust_2215,2026-08-29 05:27:00
TXN2907,order_342561,19900,INR,emi,captured,cust_7379,2026-07-13 18:52:00
TXN2908,order_671155,499900,INR,netbanking,captured,cust_6058,2026-08-16 03:01:00
TXN2909,order_444788,99900,INR,card,captured,cust_6486,2026-08-30 07:17:00
TXN2910,order_251762,9900,INR,card,captured,cust_1385,2026-08-24 05:56:00
TXN2911,order_690390,999900,INR,netbanking,captured,cust_3298,2026-08-01 23:15:00
TXN2912,order_424205,499900,INR,wallet,captured,cust_8375,2026-08-06 14:24:00
TXN2913,order_504390,199900,INR,wallet,captured,cust_1541,2026-07-18 22:44:00
TXN2914,order_356129,199900,INR,netbanking,captured,cust_7326,2026-07-18 16:30:00
TXN2915,order_295529,999900,INR,wallet,captured,cust_6867,2026-08-26 20:04:00
TXN2916,order_498623,49900,INR,netbanking,captured,cust_8634,2026-08-18 22:16:00
TXN2917,order_215471,29900,INR,emi,captured,cust_7988,2026-08-21 09:34:00
TXN2918,order_994776,199900,INR,emi,captured,cust_6495,2026-08-13 07:21:00
TXN2919,order_395376,499900,INR,wallet,captured,cust_5786,2026-08-16 14:39:00
TXN2920,order_227205,499900,INR,emi,captured,cust_4972,2026-07-03 04:23:00
TXN2921,order_702847,99900,INR,wallet,captured,cust_3807,2026-08-15 23:27:00
TXN2922,order_540536,29900,INR,emi,captured,cust_9735,2026-07-16 08:14:00
TXN2923,order_208644,9900,INR,emi,captured,cust_2886,2026-08-03 19:57:00
TXN2924,order_442699,99900,INR,emi,captured,cust_7763,2026-08-09 17:42:00
TXN2925,order_939230,29900,INR,card,captured,cust_5557,2026-08-29 17:00:00
TXN2926,order_167201,29900,INR,emi,captured,cust_3317,2026-08-17 05:57:00
TXN2927,order_242984,19900,INR,card,captured,cust_6836,2026-07-16 09:39:00
TXN2928,order_446834,199900,INR,wallet,captured,cust_2292,2026-08-31 06:33:00
TXN2929,order_829560,199900,INR,wallet,captured,cust_9880,2026-08-07 16:55:00
TXN2930,order_299747,499900,INR,card,captured,cust_5074,2026-07-03 02:13:00
TXN2931,order_292006,99900,INR,wallet,captured,cust_4800,2026-08-18 03:54:00
TXN2932,order_971571,9900,INR,upi,captured,cust_3307,2026-07-27 03:40:00
TXN2933,order_152557,29900,INR,upi,captured,cust_5686,2026-07-21 02:29:00
TXN2934,order_139363,99900,INR,card,captured,cust_9791,2026-07-09 13:57:00
TXN2935,order_269855,99900,INR,wallet,captured,cust_6517,2026-08-06 13:49:00
TXN2936,order_645588,29900,INR,emi,captured,cust_3202,2026-07-12 17:00:00
TXN2937,order_314340,9900,INR,card,captured,cust_8675,2026-08-30 16:48:00
TXN2938,order_228823,499900,INR,wallet,captured,cust_3326,2026-08-08 23:32:00
TXN2939,order_739590,199900,INR,netbanking,captured,cust_7065,2026-08-16 00:57:00
TXN2940,order_342043,99900,INR,wallet,captured,cust_3159,2026-08-21 16:59:00
TXN2941,order_938394,9900,INR,upi,captured,cust_3169,2026-08-02 01:50:00
TXN2942,order_953880,499900,INR,netbanking,captured,cust_2664,2026-07-20 06:31:00
TXN2943,order_824549,999900,INR,netbanking,captured,cust_3996,2026-07-10 15:34:00
TXN2944,order_770898,49900,INR,emi,captured,cust_8686,2026-07-07 09:51:00
TXN2945,order_432039,9900,INR,emi,captured,cust_9745,2026-07-12 01:39:00
TXN2946,order_859910,29900,INR,card,captured,cust_2250,2026-07-31 16:20:00
TXN2947,order_190127,9900,INR,upi,captured,cust_6679,2026-07-29 09:28:00
TXN2948,order_576488,9900,INR,wallet,captured,cust_4695,2026-08-13 01:58:00
TXN2949,order_433803,19900,INR,wallet,captured,cust_9064,2026-08-25 18:49:00
TXN2950,order_331013,999900,INR,card,captured,cust_3451,2026-08-21 23:37:00
TXN2951,order_493929,29900,INR,wallet,captured,cust_7266,2026-07-19 13:17:00
TXN2952,order_875985,9900,INR,emi,captured,cust_5823,2026-07-10 17:48:00
TXN2953,order_728328,199900,INR,upi,captured,cust_1169,2026-08-14 09:59:00
TXN2954,order_903302,199900,INR,card,captured,cust_3976,2026-07-12 02:32:00
TXN2955,order_726768,199900,INR,wallet,captured,cust_9159,2026-08-17 15:49:00
TXN2956,order_694792,29900,INR,upi,captured,cust_9892,2026-08-05 21:04:00
TXN2957,order_785894,199900,INR,emi,captured,cust_2917,2026-07-16 18:51:00
TXN2958,order_328973,9900,INR,card,captured,cust_7590,2026-07-25 13:40:00
TXN2959,order_857826,99900,INR,card,captured,cust_5246,2026-08-29 10:36:00
TXN2960,order_303981,49900,INR,upi,captured,cust_1662,2026-08-17 03:26:00
TXN2961,order_997097,29900,INR,upi,captured,cust_3487,2026-07-10 03:55:00
TXN2962,order_410454,19900,INR,netbanking,captured,cust_7834,2026-07-28 19:05:00
TXN2963,order_108845,19900,INR,emi,captured,cust_9802,2026-08-24 07:40:00
TXN2964,order_886512,29900,INR,upi,captured,cust_9232,2026-08-29 11:49:00
TXN2965,order_649891,999900,INR,card,captured,cust_7352,2026-07-09 13:27:00
TXN2966,order_425889,19900,INR,emi,captured,cust_3953,2026-08-04 00:52:00
TXN2967,order_557303,29900,INR,card,captured,cust_2047,2026-08-27 17:49:00
TXN2968,order_365222,49900,INR,upi,captured,cust_2833,2026-08-13 00:29:00
TXN2969,order_965476,499900,INR,emi,captured,cust_9631,2026-07-23 04:21:00
TXN2970,order_832230,49900,INR,upi,captured,cust_8077,2026-07-15 06:59:00
TXN2971,order_821618,29900,INR,upi,captured,cust_3642,2026-08-28 23:38:00
TXN2972,order_104035,199900,INR,upi,captured,cust_9674,2026-08-11 18:43:00
TXN2973,order_983374,29900,INR,emi,captured,cust_7522,2026-07-13 04:57:00
TXN2974,order_316855,499900,INR,card,captured,cust_2364,2026-08-18 08:34:00
TXN2975,order_668675,499900,INR,card,captured,cust_5992,2026-08-06 09:54:00
TXN2976,order_796069,29900,INR,card,captured,cust_2624,2026-07-05 16:15:00
TXN2977,order_583484,19900,INR,emi,captured,cust_1324,2026-08-01 13:15:00
TXN2978,order_199585,9900,INR,wallet,captured,cust_3736,2026-07-14 03:14:00
TXN2979,order_952721,99900,INR,card,captured,cust_8284,2026-07-13 21:21:00
TXN2980,order_828543,19900,INR,netbanking,captured,cust_5046,2026-07-25 10:23:00
TXN2981,order_792837,999900,INR,card,failed,cust_3468,2026-07-15 02:59:00
TXN2982,order_835571,499900,INR,wallet,captured,cust_7299,2026-08-08 01:08:00
TXN2983,order_439395,999900,INR,card,captured,cust_3662,2026-08-12 04:28:00
TXN2984,order_731603,99900,INR,wallet,captured,cust_5880,2026-07-22 04:00:00
TXN2985,order_381141,999900,INR,card,captured,cust_5989,2026-07-14 04:34:00
TXN2986,order_748791,499900,INR,wallet,captured,cust_8492,2026-08-30 07:00:00
TXN2987,order_622222,99900,INR,emi,captured,cust_5656,2026-08-09 02:21:00
TXN2988,order_178924,49900,INR,emi,captured,cust_7733,2026-07-11 07:06:00
TXN2989,order_644197,199900,INR,card,captured,cust_9736,2026-08-06 00:23:00
TXN2990,order_914120,9900,INR,netbanking,captured,cust_3730,2026-08-13 14:00:00
TXN2991,order_271994,499900,INR,card,captured,cust_2002,2026-08-02 22:35:00
TXN2992,order_974055,99900,INR,netbanking,captured,cust_9841,2026-07-29 20:11:00
TXN2993,order_605903,99900,INR,emi,captured,cust_8761,2026-07-27 16:21:00
TXN2994,order_680210,199900,INR,wallet,captured,cust_8324,2026-07-07 17:00:00
TXN2995,order_100662,49900,INR,upi,captured,cust_7607,2026-07-19 12:14:00
TXN2996,order_313181,9900,INR,netbanking,captured,cust_4138,2026-08-07 14:54:00
TXN2997,order_985701,99900,INR,wallet,captured,cust_8861,2026-08-03 05:57:00
TXN2998,order_595037,29900,INR,wallet,captured,cust_2851,2026-07-06 03:09:00
TXN2999,order_228844,9900,INR,card,captured,cust_5129,2026-08-14 14:41:00
TXN3000,order_607456,99900,INR,netbanking,captured,cust_7131,2026-08-04 06:03:00
