transaction_id,utr,bank_status,amount_settled,fees,tax,settlement_date,remarks
TXN1001,UTR7831113321,processed,19900,0,0,2026-07-16,
TXN1002,UTR6241752544,processed,19900,0,0,2026-08-19,
TXN1003,UTR1438989805,processed,9900,0,0,2026-07-20,
TXN1004,UTR2625792787,processed,199900,0,0,2026-07-25,
TXN1005,UTR5231494220,processed,199900,0,0,2026-08-21,
TXN1006,UTR3783290795,processed,499900,0,0,2026-08-04,
TXN1007,UTR8235363119,processed,29900,0,0,2026-07-17,
TXN1008,UTR8110054933,processed,9900,0,0,2026-08-07,
TXN1009,,failed,0,0,0,,network_timeout
TXN1010,UTR8217611860,processed,499900,0,0,2026-08-18,
TXN1011,UTR8047877267,processed,499900,0,0,2026-07-25,
TXN1012,UTR7980611182,processed,499900,0,0,2026-08-03,
TXN1013,UTR7867414708,processed,49900,0,0,2026-08-09,
TXN1014,UTR8438486479,processed,19900,0,0,2026-07-07,
TXN1015,UTR5141907136,processed,29900,0,0,2026-07-22,
TXN1016,UTR1519709079,processed,49900,0,0,2026-08-08,
TXN1017,,pending,,,,,high_volume_queue
TXN1018,UTR3084839399,processed,49900,0,0,2026-07-06,
TXN1019,UTR8125276666,processed,999900,0,0,2026-07-13,
TXN1020,,failed,0,0,0,,invalid_account
TXN1021,UTR6491309593,processed,19900,0,0,2026-08-20,
TXN1023,UTR6002078344,processed,49900,0,0,2026-08-06,
TXN1024,UTR6110572428,processed,99900,0,0,2026-08-14,
TXN1025,UTR3181106786,processed,9900,0,0,2026-08-29,
TXN1026,,pending,,,,,processing_delay
TXN1027,UTR8067372072,processed,199900,0,0,2026-08-20,
TXN1029,UTR6882074066,processed,49900,0,0,2026-08-16,
TXN1030,UTR5871743247,processed,99900,0,0,2026-07-12,
TXN1031,,failed,0,0,0,,network_timeout
TXN1032,UTR4311931853,processed,9900,0,0,2026-07-24,
TXN1033,,pending,,,,,high_volume_queue
TXN1034,UTR2536778950,processed,9900,0,0,2026-07-27,
TXN1035,UTR4713453204,processed,19900,0,0,2026-07-14,
TXN1036,UTR4011966884,processed,9900,0,0,2026-07-17,
TXN1037,UTR9691572571,processed,999900,0,0,2026-08-20,
TXN1038,UTR1118543408,processed,199900,0,0,2026-07-09,
TXN1039,UTR3196545325,processed,99900,0,0,2026-08-27,
TXN1040,UTR6859286614,processed,49900,0,0,2026-08-30,
TXN1041,UTR8159250505,processed,199900,0,0,2026-08-13,
TXN1042,,pending,,,,,high_volume_queue
TXN1043,UTR7292076361,processed,499900,0,0,2026-07-11,
TXN1044,,pending,,,,,bank_holiday
TXN1045,UTR4300636585,processed,99900,0,0,2026-07-13,
TXN1046,UTR8638257497,processed,49900,0,0,2026-08-01,
TXN1048,UTR4853479481,processed,199900,0,0,2026-07-25,
TXN1049,,pending,,,,,high_volume_queue
TXN1050,UTR1594312071,processed,999900,0,0,2026-07-18,
TXN1051,UTR1267429212,processed,29900,0,0,2026-08-29,
TXN1052,UTR6242173772,processed,9900,0,0,2026-08-09,
TXN1053,,pending,,,,,processing_delay
TXN1054,UTR9018065507,processed,9900,0,0,2026-07-26,
TXN1055,UTR8868054898,processed,99900,0,0,2026-08-13,
TXN1056,UTR3792347639,processed,19900,0,0,2026-08-31,
TXN1057,UTR3875303857,processed,9900,0,0,2026-08-21,
TXN1058,,pending,,,,,processing_delay
TXN1059,UTR9916336966,processed,9900,0,0,2026-07-27,
TXN1060,,failed,0,0,0,,invalid_account
TXN1061,UTR5748253283,processed,199900,0,0,2026-08-01,
TXN1062,UTR7291584955,processed,999900,0,0,2026-08-06,
TXN1063,UTR6922713963,processed,99900,0,0,2026-07-10,
TXN1064,UTR9633533290,processed,191032,8868,0,2026-08-02,fee_deduction_variance
TXN1065,UTR1074059253,processed,49900,0,0,2026-08-02,
TXN1066,UTR6715705115,processed,499900,0,0,2026-08-14,
TXN1067,,failed,0,0,0,,network_timeout
TXN1068,UTR5211261115,processed,29900,0,0,2026-08-20,
TXN1069,,failed,0,0,0,,declined_by_bank
TXN1070,UTR7351029162,processed,99900,0,0,2026-07-24,
TXN1072,UTR3656086594,processed,9900,0,0,2026-08-23,
TXN1073,UTR6201313620,processed,999900,0,0,2026-08-13,
TXN1074,UTR7313226025,processed,29900,0,0,2026-08-22,
TXN1075,,failed,0,0,0,,invalid_account
TXN1076,UTR8699281063,processed,49900,0,0,2026-07-05,
TXN1077,UTR7415801613,processed,99900,0,0,2026-08-26,
TXN1078,UTR5083595988,processed,9900,0,0,2026-07-16,
TXN1079,UTR7808938880,processed,99900,0,0,2026-08-31,
TXN1080,UTR6711463258,processed,999900,0,0,2026-08-02,
TXN1081,UTR2388450337,processed,99900,0,0,2026-07-12,
TXN1082,UTR7981077394,processed,9900,0,0,2026-08-04,
TXN1083,UTR4433026356,processed,99900,0,0,2026-08-24,
TXN1084,UTR5067594934,processed,99900,0,0,2026-09-02,
TXN1085,UTR8880079328,processed,29900,0,0,2026-07-05,
TXN1086,UTR4710967433,processed,999900,0,0,2026-08-23,
TXN1088,UTR3995732958,processed,999900,0,0,2026-08-05,
TXN1089,UTR5948254671,processed,49900,0,0,2026-08-31,
TXN1090,UTR4102872611,processed,199900,0,0,2026-07-08,
TXN1091,,pending,,,,,processing_delay
TXN1092,UTR5683143581,processed,461955,37945,0,2026-07-23,fee_deduction_variance
TXN1093,UTR4419410162,processed,19900,0,0,2026-08-23,
TXN1094,UTR1751917162,processed,199900,0,0,2026-08-23,
TXN1095,UTR8750840032,processed,49900,0,0,2026-07-06,
TXN1096,UTR2297602688,processed,29900,0,0,2026-08-05,
TXN1097,UTR6994940029,processed,999900,0,0,2026-08-18,
TXN1098,UTR2513206988,processed,9900,0,0,2026-07-16,
TXN1099,,pending,,,,,processing_delay
TXN1100,,failed,0,0,0,,declined_by_bank
TXN1101,UTR1323408297,processed,99900,0,0,2026-08-16,
TXN1102,UTR7248258423,processed,499900,0,0,2026-08-09,
TXN1103,UTR9697414638,processed,99900,0,0,2026-08-09,
TXN1104,,failed,0,0,0,,declined_by_bank
TXN1105,UTR7243352390,processed,99900,0,0,2026-08-26,
TXN1106,UTR7939173425,processed,499900,0,0,2026-07-17,
TXN1108,UTR3846570058,processed,119940,0,0,2026-08-07,partial_settlement_1
TXN1108,UTR1091729577,processed,79960,0,0,2026-08-07,partial_settlement_2
TXN1109,UTR6295689007,processed,28332,1568,0,2026-08-19,fee_deduction_variance
TXN1110,UTR1110724913,processed,9900,0,0,2026-07-09,
TXN1111,UTR3259520140,processed,49900,0,0,2026-08-13,
TXN1112,,pending,,,,,high_volume_queue
TXN1114,UTR1282103057,processed,19900,0,0,2026-07-18,
TXN1115,UTR4717261214,processed,199900,0,0,2026-07-25,
TXN1116,UTR7127904756,processed,49900,0,0,2026-08-12,
TXN1117,UTR2854895521,processed,199900,0,0,2026-07-20,
TXN1118,UTR7059376953,processed,199900,0,0,2026-07-28,
TXN1119,UTR3070987704,processed,499900,0,0,2026-08-14,
TXN1120,UTR8273403366,processed,199900,0,0,2026-07-15,
TXN1121,UTR1298867122,processed,99900,0,0,2026-07-06,
TXN1122,UTR5971034978,processed,9900,0,0,2026-07-17,
TXN1123,UTR3894673596,processed,199900,0,0,2026-07-25,
TXN1124,UTR6777473414,processed,499900,0,0,2026-07-25,
TXN1125,UTR6172957943,processed,999900,0,0,2026-07-21,
TXN1126,UTR5849815676,processed,29900,0,0,2026-08-14,
TXN1127,UTR2873548915,processed,49900,0,0,2026-07-28,
TXN1128,,failed,0,0,0,,declined_by_bank
TXN1130,UTR8498174646,processed,19900,0,0,2026-08-06,
TXN1131,UTR1634323009,processed,29900,0,0,2026-08-01,
TXN1132,UTR7991986741,processed,96319,3581,0,2026-08-21,fee_deduction_variance
TXN1133,UTR2888766939,processed,999900,0,0,2026-07-22,
TXN1134,UTR2940955281,processed,99900,0,0,2026-07-27,
TXN1135,,pending,,,,,high_volume_queue
TXN1136,UTR5113386226,processed,9900,0,0,2026-07-05,
TXN1137,UTR3619094295,processed,199900,0,0,2026-08-01,
TXN1138,,pending,,,,,processing_delay
TXN1139,,pending,,,,,bank_holiday
TXN1140,,pending,,,,,processing_delay
TXN1141,UTR2554039848,processed,199900,0,0,2026-07-21,
TXN1142,UTR5626388820,processed,29900,0,0,2026-08-11,
TXN1143,,pending,,,,,bank_holiday
TXN1144,,failed,0,0,0,,network_timeout
TXN1145,UTR9523104008,processed,599940,0,0,2026-07-29,partial_settlement_1
TXN1145,UTR7560389844,processed,399960,0,0,2026-07-29,partial_settlement_2
TXN1146,,pending,,,,,high_volume_queue
TXN1147,UTR8864285771,processed,19900,0,0,2026-08-27,
TXN1148,UTR6307626407,processed,999900,0,0,2026-07-05,
TXN1149,,failed,0,0,0,,declined_by_bank
TXN1150,UTR5376588372,processed,999900,0,0,2026-07-15,
TXN1151,UTR6315624319,processed,29900,0,0,2026-07-04,
TXN1152,UTR3469810046,processed,49900,0,0,2026-07-23,
TXN1153,UTR9957643727,processed,99900,0,0,2026-09-01,
TXN1154,,pending,,,,,high_volume_queue
TXN1155,,pending,,,,,bank_holiday
TXN1156,UTR4485356009,processed,119940,0,0,2026-07-10,partial_settlement_1
TXN1156,UTR9860949331,processed,79960,0,0,2026-07-10,partial_settlement_2
TXN1157,UTR7627266377,processed,99900,0,0,2026-08-31,
TXN1158,,pending,,,,,processing_delay
TXN1159,,failed,0,0,0,,declined_by_bank
TXN1160,UTR6564731230,processed,19900,0,0,2026-07-25,
TXN1161,UTR5071218314,processed,499900,0,0,2026-07-20,
TXN1162,UTR2881937953,processed,499900,0,0,2026-07-31,
TXN1163,UTR9370133343,processed,49900,0,0,2026-08-10,
TXN1164,UTR5125402225,processed,19900,0,0,2026-08-24,
TXN1165,,pending,,,,,high_volume_queue
TXN1167,UTR9123207735,processed,19900,0,0,2026-07-22,
TXN1168,UTR8689593739,processed,17940,0,0,2026-07-31,partial_settlement_1
TXN1168,UTR5407856339,processed,11960,0,0,2026-07-31,partial_settlement_2
TXN1169,,pending,,,,,processing_delay
TXN1170,,pending,,,,,high_volume_queue
TXN1172,UTR9138644862,processed,9900,0,0,2026-07-30,
TXN1173,UTR1662259333,processed,49900,0,0,2026-08-15,
TXN1174,UTR3744446292,processed,199900,0,0,2026-08-30,
TXN1175,UTR3957572769,processed,90352,9548,0,2026-08-03,fee_deduction_variance
TXN1176,,pending,,,,,high_volume_queue
TXN1177,UTR6443749394,processed,29900,0,0,2026-07-31,
TXN1178,,pending,,,,,processing_delay
TXN1180,UTR7800411181,processed,99900,0,0,2026-08-31,
TXN1181,UTR4638577630,processed,99900,0,0,2026-07-25,
TXN1182,UTR2239534867,processed,99900,0,0,2026-07-15,
TXN1183,,pending,,,,,processing_delay
TXN1184,UTR3147818256,processed,199900,0,0,2026-07-04,
TXN1185,UTR7928074841,processed,29900,0,0,2026-07-12,
TXN1186,UTR5366422491,processed,99900,0,0,2026-08-12,
TXN1187,UTR9810503338,processed,19900,0,0,2026-07-27,
TXN1188,UTR5376302686,processed,499900,0,0,2026-07-11,
TXN1189,UTR4031281545,processed,29900,0,0,2026-07-19,
TXN1190,UTR7641192909,processed,199900,0,0,2026-07-31,
TXN1191,UTR9513743139,processed,99900,0,0,2026-08-02,
TXN1192,,pending,,,,,bank_holiday
TXN1193,UTR4067213499,processed,442169,57731,0,2026-07-11,fee_deduction_variance
TXN1194,UTR2027708670,processed,99900,0,0,2026-08-19,
TXN1195,UTR1590416424,processed,49900,0,0,2026-08-29,
TXN1196,UTR4301648719,processed,442036,57864,0,2026-08-03,fee_deduction_variance
TXN1197,UTR4949801453,processed,49900,0,0,2026-07-17,
TXN1198,UTR3588933132,processed,999900,0,0,2026-07-04,
TXN1199,UTR2171826349,processed,999900,0,0,2026-07-31,
TXN1200,UTR4252504650,processed,29900,0,0,2026-07-23,
TXN1201,UTR5216305802,processed,499900,0,0,2026-07-31,
TXN1202,UTR5344083406,processed,49900,0,0,2026-08-17,
TXN1203,UTR3964774623,processed,49900,0,0,2026-07-22,
TXN1204,UTR9941564880,processed,199900,0,0,2026-08-19,
TXN1205,UTR1643611097,processed,199900,0,0,2026-07-05,
TXN1206,,pending,,,,,bank_holiday
TXN1207,UTR6995554056,processed,499900,0,0,2026-07-27,
TXN1208,UTR9305502799,processed,49900,0,0,2026-08-28,
TXN1209,,pending,,,,,processing_delay
TXN1210,UTR7602474923,processed,499900,0,0,2026-07-20,
TXN1211,UTR7579604766,processed,49900,0,0,2026-07-16,
TXN1212,UTR1067198189,processed,999900,0,0,2026-08-23,
TXN1213,,failed,0,0,0,,network_timeout
TXN1215,UTR6244338653,processed,44221,5679,0,2026-08-12,fee_deduction_variance
TXN1216,,failed,0,0,0,,network_timeout
TXN1217,,failed,0,0,0,,invalid_account
TXN1219,UTR2593765711,processed,499900,0,0,2026-07-28,
TXN1220,,pending,,,,,bank_holiday
TXN1221,UTR5025070544,processed,49900,0,0,2026-08-19,
TXN1222,UTR8625774078,processed,999900,0,0,2026-07-20,
TXN1223,UTR8397709966,processed,199900,0,0,2026-08-16,
TXN1225,UTR6744794855,processed,499900,0,0,2026-08-24,
TXN1226,UTR5111301175,processed,999900,0,0,2026-08-23,
TXN1227,UTR4037270171,processed,19900,0,0,2026-07-15,
TXN1228,,pending,,,,,bank_holiday
TXN1229,UTR1769945233,processed,499900,0,0,2026-08-31,
TXN1230,UTR8709192840,processed,29900,0,0,2026-08-21,
TXN1231,UTR5696548897,processed,499900,0,0,2026-07-27,
TXN1232,UTR5182609867,processed,999900,0,0,2026-07-24,
TXN1233,,pending,,,,,bank_holiday
TXN1234,UTR4989487508,processed,5940,0,0,2026-07-05,partial_settlement_1
TXN1234,UTR2285384455,processed,3960,0,0,2026-07-05,partial_settlement_2
TXN1235,,failed,0,0,0,,declined_by_bank
TXN1236,,pending,,,,,bank_holiday
TXN1237,UTR8132531532,processed,999900,0,0,2026-08-18,
TXN1238,UTR8471762590,processed,99900,0,0,2026-07-18,
TXN1239,UTR1569113257,processed,19900,0,0,2026-09-01,
TXN1240,UTR3380355948,processed,999900,0,0,2026-07-29,
TXN1241,UTR2635231601,processed,199900,0,0,2026-09-01,
TXN1242,UTR6582393412,processed,99900,0,0,2026-08-02,
TXN1243,,pending,,,,,bank_holiday
TXN1244,UTR5879617459,processed,8812,1088,0,2026-08-12,fee_deduction_variance
TXN1245,UTR4358554365,processed,29940,0,0,2026-08-13,partial_settlement_1
TXN1245,UTR6694638039,processed,19960,0,0,2026-08-13,partial_settlement_2
TXN1246,,pending,,,,,high_volume_queue
TXN1247,,failed,0,0,0,,declined_by_bank
TXN1248,UTR7863073642,processed,49900,0,0,2026-07-21,
TXN1249,UTR8149805821,processed,499900,0,0,2026-08-30,
TXN1250,UTR1455028401,processed,9900,0,0,2026-07-23,
TXN1251,,pending,,,,,processing_delay
TXN1252,UTR4135973483,processed,29900,0,0,2026-08-31,
TXN1253,UTR8287542751,processed,199900,0,0,2026-07-13,
TXN1254,UTR5982744929,processed,99900,0,0,2026-07-12,
TXN1255,UTR9715314442,processed,999900,0,0,2026-07-13,
TXN1256,,failed,0,0,0,,network_timeout
TXN1257,UTR5785590330,processed,19900,0,0,2026-08-22,
TXN1258,UTR6319629373,processed,887493,112407,0,2026-08-21,fee_deduction_variance
TXN1259,,pending,,,,,bank_holiday
TXN1260,UTR3660345628,processed,29900,0,0,2026-08-23,
TXN1261,UTR8235717104,processed,999900,0,0,2026-08-21,
TXN1262,UTR5435391625,processed,999900,0,0,2026-08-23,
TXN1263,,failed,0,0,0,,network_timeout
TXN1264,,failed,0,0,0,,invalid_account
TXN1265,UTR4487036345,processed,49900,0,0,2026-07-09,
TXN1266,,pending,,,,,bank_holiday
TXN1267,UTR7754847890,processed,59940,0,0,2026-07-30,partial_settlement_1
TXN1267,UTR4501175349,processed,39960,0,0,2026-07-30,partial_settlement_2
TXN1268,,failed,0,0,0,,declined_by_bank
TXN1269,,pending,,,,,processing_delay
TXN1270,,failed,0,0,0,,invalid_account
TXN1271,,pending,,,,,high_volume_queue
TXN1273,UTR1069927882,processed,999900,0,0,2026-07-07,
TXN1274,UTR9059914313,processed,999900,0,0,2026-08-05,
TXN1275,UTR6300607425,processed,199900,0,0,2026-08-27,
TXN1276,UTR1039887139,processed,19900,0,0,2026-08-20,
TXN1277,UTR1439921366,processed,19900,0,0,2026-07-19,
TXN1279,UTR9245882468,processed,9900,0,0,2026-07-22,
TXN1280,UTR1600566083,processed,965493,34407,0,2026-08-28,fee_deduction_variance
TXN1281,,failed,0,0,0,,network_timeout
TXN1282,UTR6330405542,processed,44725,5175,0,2026-08-15,fee_deduction_variance
TXN1283,UTR7736142481,processed,19900,0,0,2026-07-08,
TXN1284,,pending,,,,,bank_holiday
TXN1285,UTR8309221034,processed,499900,0,0,2026-08-15,
TXN1286,UTR7598745558,processed,29900,0,0,2026-08-27,
TXN1287,UTR2050032570,processed,19900,0,0,2026-07-19,
TXN1288,,pending,,,,,bank_holiday
TXN1289,UTR2597167064,processed,9900,0,0,2026-08-01,
TXN1290,UTR3695232998,processed,88067,11833,0,2026-07-14,fee_deduction_variance
TXN1291,UTR1495354059,processed,199900,0,0,2026-08-01,
TXN1292,UTR4952342924,processed,9900,0,0,2026-07-10,
TXN1293,,pending,,,,,bank_holiday
TXN1294,UTR1770278136,processed,199900,0,0,2026-07-11,
TXN1295,UTR9960957575,processed,499900,0,0,2026-07-08,
TXN1296,UTR9469064524,processed,199900,0,0,2026-08-15,
TXN1297,UTR9379439373,processed,49900,0,0,2026-09-01,
TXN1298,UTR5128258411,processed,299940,0,0,2026-08-27,partial_settlement_1
TXN1298,UTR2201840395,processed,199960,0,0,2026-08-27,partial_settlement_2
TXN1299,,pending,,,,,high_volume_queue
TXN1300,UTR8453283834,processed,9900,0,0,2026-07-22,
TXN1301,UTR7225841764,processed,86181,13719,0,2026-08-28,fee_deduction_variance
TXN1302,UTR1388354759,processed,19900,0,0,2026-08-10,
TXN1303,UTR9800175892,processed,9900,0,0,2026-07-11,
TXN1304,UTR2984460654,processed,29900,0,0,2026-07-03,
TXN1305,UTR9950881177,processed,9900,0,0,2026-07-11,
TXN1306,,pending,,,,,processing_delay
TXN1308,UTR4794276323,processed,499900,0,0,2026-08-11,
TXN1309,,pending,,,,,processing_delay
TXN1310,,pending,,,,,processing_delay
TXN1311,UTR6963052185,processed,999900,0,0,2026-07-14,
TXN1313,UTR4165649201,processed,199900,0,0,2026-08-19,
TXN1314,UTR9711080868,processed,499900,0,0,2026-07-05,
TXN1315,UTR6048977867,processed,17940,0,0,2026-07-04,partial_settlement_1
TXN1315,UTR1163053047,processed,11960,0,0,2026-07-04,partial_settlement_2
TXN1316,UTR9023931339,processed,49900,0,0,2026-07-30,
TXN1317,UTR5125568431,processed,29900,0,0,2026-07-19,
TXN1318,UTR9420979586,processed,499900,0,0,2026-08-27,
TXN1319,UTR8252045593,processed,29900,0,0,2026-07-20,
TXN1320,UTR3131098613,processed,9900,0,0,2026-08-07,
TXN1321,,pending,,,,,processing_delay
TXN1322,UTR5501759051,processed,49900,0,0,2026-07-19,
TXN1323,UTR3951331472,processed,499900,0,0,2026-07-08,
TXN1324,UTR2468055063,processed,19900,0,0,2026-08-14,
TXN1325,,pending,,,,,processing_delay
TXN1326,UTR6504099682,processed,499900,0,0,2026-08-30,
TXN1327,UTR5311355060,processed,9900,0,0,2026-07-28,
TXN1328,UTR5791074361,processed,999900,0,0,2026-08-26,
TXN1329,UTR2586568081,processed,999900,0,0,2026-08-28,
TXN1331,UTR8906163641,processed,19900,0,0,2026-07-21,
TXN1332,UTR3664052763,processed,999900,0,0,2026-07-07,
TXN1333,UTR2869999754,processed,900714,99186,0,2026-07-03,fee_deduction_variance
TXN1334,UTR7666022005,processed,91584,8316,0,2026-07-06,fee_deduction_variance
TXN1335,,pending,,,,,processing_delay
TXN1336,UTR9065491438,processed,19900,0,0,2026-07-28,
TXN1337,UTR2725373847,processed,999900,0,0,2026-07-25,
TXN1338,UTR8703676933,processed,49900,0,0,2026-07-16,
TXN1339,UTR3772636814,processed,999900,0,0,2026-07-09,
TXN1340,UTR1682781467,processed,49900,0,0,2026-07-16,
TXN1341,,pending,,,,,bank_holiday
TXN1342,UTR7464468567,processed,9900,0,0,2026-08-30,
TXN1343,UTR2478538226,processed,9900,0,0,2026-08-10,
TXN1344,UTR3780475472,processed,19900,0,0,2026-08-31,
TXN1345,UTR3780439666,processed,95842,4058,0,2026-08-01,fee_deduction_variance
TXN1346,UTR9141037388,processed,9900,0,0,2026-08-17,
TXN1347,UTR9621492184,processed,99900,0,0,2026-08-03,
TXN1348,UTR5569145346,processed,199900,0,0,2026-07-23,
TXN1349,UTR4287687478,processed,199900,0,0,2026-08-16,
TXN1350,UTR7092693247,processed,499900,0,0,2026-07-21,
TXN1351,UTR8180620422,processed,9900,0,0,2026-07-19,
TXN1352,UTR9158681911,processed,29900,0,0,2026-08-21,
TXN1353,UTR6557907251,processed,49900,0,0,2026-08-19,
TXN1354,UTR6576395496,processed,9900,0,0,2026-07-26,
TXN1355,UTR4073772623,processed,17940,0,0,2026-08-20,partial_settlement_1
TXN1355,UTR4345526911,processed,11960,0,0,2026-08-20,partial_settlement_2
TXN1356,UTR5975440949,processed,29900,0,0,2026-07-23,
TXN1357,UTR8433124121,processed,499900,0,0,2026-08-07,
TXN1358,,failed,0,0,0,,invalid_account
TXN1359,UTR9368586475,processed,499900,0,0,2026-07-27,
TXN1360,UTR4221721910,processed,199900,0,0,2026-07-08,
TXN1361,UTR1725783958,processed,299940,0,0,2026-08-18,partial_settlement_1
TXN1361,UTR5455441991,processed,199960,0,0,2026-08-18,partial_settlement_2
TXN1362,,pending,,,,,high_volume_queue
TXN1363,UTR3707166618,processed,999900,0,0,2026-08-25,
TXN1364,,failed,0,0,0,,network_timeout
TXN1365,UTR5179517389,processed,19900,0,0,2026-08-26,
TXN1366,UTR2419931729,processed,499900,0,0,2026-08-23,
TXN1367,UTR6287793163,processed,19900,0,0,2026-07-10,
TXN1368,UTR6638034087,processed,999900,0,0,2026-08-27,
TXN1369,,pending,,,,,processing_delay
TXN1370,UTR8948573913,processed,19900,0,0,2026-07-12,
TXN1371,UTR7832220535,processed,29900,0,0,2026-08-24,
TXN1372,UTR3096471391,processed,999900,0,0,2026-07-24,
TXN1373,UTR5704029171,processed,9900,0,0,2026-08-16,
TXN1374,,pending,,,,,bank_holiday
TXN1375,UTR2194675791,processed,889618,110282,0,2026-07-08,fee_deduction_variance
TXN1376,UTR8973989997,processed,499900,0,0,2026-07-11,
TXN1377,UTR8178927766,processed,19900,0,0,2026-07-16,
TXN1378,,pending,,,,,high_volume_queue
TXN1380,,failed,0,0,0,,invalid_account
TXN1381,UTR2780136605,processed,49900,0,0,2026-07-05,
TXN1382,UTR9608564548,processed,19900,0,0,2026-08-04,
TXN1383,UTR1551395583,processed,499900,0,0,2026-08-02,
TXN1384,UTR6558433027,processed,119940,0,0,2026-07-08,partial_settlement_1
TXN1384,UTR4456576082,processed,79960,0,0,2026-07-08,partial_settlement_2
TXN1385,,failed,0,0,0,,declined_by_bank
TXN1386,UTR4050941750,processed,59940,0,0,2026-07-06,partial_settlement_1
TXN1386,UTR8562471167,processed,39960,0,0,2026-07-06,partial_settlement_2
TXN1387,UTR2635825546,processed,499900,0,0,2026-08-14,
TXN1388,,failed,0,0,0,,network_timeout
TXN1389,,pending,,,,,bank_holiday
TXN1390,UTR9645619869,processed,99900,0,0,2026-07-04,
TXN1391,,failed,0,0,0,,network_timeout
TXN1392,UTR2620054076,processed,599940,0,0,2026-07-20,partial_settlement_1
TXN1392,UTR7135394336,processed,399960,0,0,2026-07-20,partial_settlement_2
TXN1393,UTR8137764127,processed,29900,0,0,2026-07-26,
TXN1394,UTR5979458346,processed,199900,0,0,2026-07-13,
TXN1395,UTR6844582171,processed,499900,0,0,2026-08-11,
TXN1396,UTR9761206076,processed,999900,0,0,2026-07-12,
TXN1397,UTR7479970041,processed,19900,0,0,2026-08-17,
TXN1398,UTR3692657073,processed,99900,0,0,2026-08-12,
TXN1399,UTR1660370908,processed,49900,0,0,2026-07-10,
TXN1400,UTR6405851839,processed,199900,0,0,2026-08-27,
TXN1401,,failed,0,0,0,,network_timeout
TXN1402,UTR8240793721,processed,19900,0,0,2026-08-30,
TXN1403,,pending,,,,,high_volume_queue
TXN1404,UTR3384006407,processed,499900,0,0,2026-08-14,
TXN1405,UTR8412844457,processed,9900,0,0,2026-07-26,
TXN1407,UTR1421776124,processed,9900,0,0,2026-08-04,
TXN1408,,pending,,,,,high_volume_queue
TXN1409,,pending,,,,,processing_delay
TXN1410,,failed,0,0,0,,invalid_account
TXN1411,UTR3605446007,processed,174131,25769,0,2026-08-03,fee_deduction_variance
TXN1412,UTR4831562592,processed,29900,0,0,2026-08-20,
TXN1413,,pending,,,,,high_volume_queue
TXN1414,UTR3192202822,processed,27082,2818,0,2026-08-07,fee_deduction_variance
TXN1415,UTR2916502228,processed,9900,0,0,2026-07-09,
TXN1416,UTR5564953924,processed,29900,0,0,2026-07-03,
TXN1417,UTR8080359881,processed,9900,0,0,2026-07-30,
TXN1418,UTR9924243978,processed,99900,0,0,2026-07-27,
TXN1420,UTR1645277642,processed,29900,0,0,2026-08-22,
TXN1421,UTR8874242713,processed,19900,0,0,2026-08-07,
TXN1422,UTR1630780803,processed,9900,0,0,2026-07-27,
TXN1423,,pending,,,,,bank_holiday
TXN1424,UTR7488857684,processed,999900,0,0,2026-08-22,
TXN1425,UTR1466305100,processed,199900,0,0,2026-07-25,
TXN1426,UTR5695215151,processed,499900,0,0,2026-07-25,
TXN1427,UTR8740820392,processed,9900,0,0,2026-07-31,
TXN1428,UTR7630274264,processed,18343,1557,0,2026-08-25,fee_deduction_variance
TXN1429,UTR6651754819,processed,9900,0,0,2026-07-27,
TXN1430,UTR7720207509,processed,29900,0,0,2026-07-23,
TXN1431,,pending,,,,,high_volume_queue
TXN1432,,failed,0,0,0,,network_timeout
TXN1433,UTR3731069282,processed,26811,3089,0,2026-08-19,fee_deduction_variance
TXN1434,UTR2592724766,processed,29900,0,0,2026-07-04,
TXN1435,UTR8044997538,processed,499900,0,0,2026-07-24,
TXN1436,UTR3894912687,processed,46098,3802,0,2026-08-14,fee_deduction_variance
TXN1437,UTR3517195150,processed,9900,0,0,2026-08-28,
TXN1439,UTR3174276085,processed,49900,0,0,2026-07-05,
TXN1440,UTR8276498637,processed,99900,0,0,2026-07-04,
TXN1441,UTR3070046110,processed,999900,0,0,2026-07-15,
TXN1442,UTR9631695368,processed,455899,44001,0,2026-07-21,fee_deduction_variance
TXN1444,UTR4165873005,processed,199900,0,0,2026-07-07,
TXN1447,UTR2708879427,processed,199900,0,0,2026-07-07,
TXN1448,UTR6045729129,processed,9900,0,0,2026-07-13,
TXN1449,,failed,0,0,0,,invalid_account
TXN1450,UTR6084870519,processed,99900,0,0,2026-07-29,
TXN1451,UTR4496922300,processed,499900,0,0,2026-08-09,
TXN1452,UTR4460319291,processed,49900,0,0,2026-08-06,
TXN1453,UTR6583604299,processed,999900,0,0,2026-07-07,
TXN1454,UTR5708580756,processed,9900,0,0,2026-08-27,
TXN1455,UTR5380159400,processed,99900,0,0,2026-08-10,
TXN1456,UTR7487309853,processed,49900,0,0,2026-07-28,
TXN1457,,pending,,,,,high_volume_queue
TXN1458,UTR8346255879,processed,499900,0,0,2026-08-28,
TXN1460,,pending,,,,,bank_holiday
TXN1461,UTR5741336386,processed,19900,0,0,2026-07-04,
TXN1462,,failed,0,0,0,,declined_by_bank
TXN1464,UTR6786043791,processed,99900,0,0,2026-08-05,
TXN1465,UTR9590331226,processed,19900,0,0,2026-08-13,
TXN1466,UTR9620935604,processed,99900,0,0,2026-07-30,
TXN1467,UTR6242404559,processed,499900,0,0,2026-08-06,
TXN1468,,failed,0,0,0,,network_timeout
TXN1469,UTR7948094928,processed,99900,0,0,2026-08-21,
TXN1470,UTR5734228580,processed,999900,0,0,2026-08-12,
TXN1471,UTR7099897373,processed,999900,0,0,2026-08-19,
TXN1472,UTR2685438702,processed,881892,118008,0,2026-08-11,fee_deduction_variance
TXN1473,UTR4069538076,processed,29900,0,0,2026-07-06,
TXN1474,UTR7325737564,processed,999900,0,0,2026-07-16,
TXN1475,,failed,0,0,0,,invalid_account
TXN1476,,pending,,,,,high_volume_queue
TXN1477,UTR5161114352,processed,9900,0,0,2026-07-13,
TXN1478,UTR9982501269,processed,999900,0,0,2026-08-24,
TXN1479,,failed,0,0,0,,invalid_account
TXN1480,,failed,0,0,0,,invalid_account
TXN1481,UTR7306707298,processed,999900,0,0,2026-08-15,
TXN1482,UTR2950254385,processed,29900,0,0,2026-07-31,
TXN1484,UTR8047628706,processed,444267,55633,0,2026-07-31,fee_deduction_variance
TXN1485,UTR3084649514,processed,19900,0,0,2026-07-10,
TXN1486,,pending,,,,,bank_holiday
TXN1487,UTR5555672620,processed,19900,0,0,2026-07-05,
TXN1489,UTR1813726301,processed,99900,0,0,2026-07-04,
TXN1490,,failed,0,0,0,,network_timeout
TXN1491,UTR7871585740,processed,928810,71090,0,2026-07-08,fee_deduction_variance
TXN1493,,failed,0,0,0,,invalid_account
TXN1494,UTR1952996130,processed,9900,0,0,2026-07-25,
TXN1495,UTR5457043482,processed,99900,0,0,2026-07-31,
TXN1496,UTR7745191003,processed,29900,0,0,2026-08-09,
TXN1497,UTR9750444358,processed,19900,0,0,2026-07-14,
TXN1498,UTR4308800114,processed,19900,0,0,2026-07-06,
TXN1499,UTR3996893560,processed,9900,0,0,2026-08-29,
TXN1500,UTR2693601838,processed,499900,0,0,2026-07-16,
TXN1501,UTR3997331061,processed,19900,0,0,2026-07-27,
TXN1502,UTR2040735415,processed,49900,0,0,2026-08-07,
TXN1503,UTR6863779898,processed,499900,0,0,2026-07-21,
TXN1504,UTR3676546979,processed,199900,0,0,2026-07-23,
TXN1505,UTR2235598059,processed,46843,3057,0,2026-07-20,fee_deduction_variance
TXN1506,UTR5373945362,processed,19900,0,0,2026-08-04,
TXN1507,UTR5059502085,processed,9900,0,0,2026-08-22,
TXN1508,UTR9503145548,processed,99900,0,0,2026-07-08,
TXN1509,UTR4060031897,processed,19900,0,0,2026-08-02,
TXN1510,UTR2298481206,processed,99900,0,0,2026-08-02,
TXN1512,UTR8429819540,processed,99900,0,0,2026-08-23,
TXN1513,UTR1565956995,processed,49900,0,0,2026-08-18,
TXN1514,UTR4938966574,processed,49900,0,0,2026-08-14,
TXN1515,UTR9423273485,processed,19900,0,0,2026-08-13,
TXN1516,UTR3630074869,processed,99900,0,0,2026-07-15,
TXN1517,UTR2606143397,processed,46678,3222,0,2026-08-11,fee_deduction_variance
TXN1518,UTR9376036819,processed,999900,0,0,2026-08-23,
TXN1519,UTR8249315123,processed,49900,0,0,2026-08-29,
TXN1520,,failed,0,0,0,,invalid_account
TXN1522,UTR8849572476,processed,442382,57518,0,2026-07-28,fee_deduction_variance
TXN1523,UTR2940028539,processed,499900,0,0,2026-07-25,
TXN1524,,failed,0,0,0,,invalid_account
TXN1525,,failed,0,0,0,,declined_by_bank
TXN1526,UTR5079161918,processed,29900,0,0,2026-08-27,
TXN1527,UTR4731547225,processed,499900,0,0,2026-07-14,
TXN1528,UTR1871241447,processed,9159,741,0,2026-08-14,fee_deduction_variance
TXN1529,UTR2021679756,processed,99900,0,0,2026-08-04,
TXN1530,,pending,,,,,high_volume_queue
TXN1531,,pending,,,,,bank_holiday
TXN1532,UTR8181574001,processed,99900,0,0,2026-07-05,
TXN1533,UTR6681476601,processed,29900,0,0,2026-07-17,
TXN1534,UTR6473585962,processed,19900,0,0,2026-07-10,
TXN1535,,pending,,,,,processing_delay
TXN1536,UTR7432749100,processed,99900,0,0,2026-07-25,
TXN1537,UTR9585583837,processed,49900,0,0,2026-08-20,
TXN1538,UTR5586320975,processed,199900,0,0,2026-07-29,
TXN1539,UTR6128257880,processed,199900,0,0,2026-08-25,
TXN1540,UTR6734252303,processed,999900,0,0,2026-07-13,
TXN1541,,failed,0,0,0,,declined_by_bank
TXN1543,,pending,,,,,high_volume_queue
TXN1544,UTR7550256427,processed,499900,0,0,2026-08-01,
TXN1545,UTR8726754729,processed,199900,0,0,2026-07-14,
TXN1546,UTR4744348135,processed,49900,0,0,2026-07-05,
TXN1547,UTR5312619071,processed,29900,0,0,2026-07-17,
TXN1548,UTR4831693156,processed,19900,0,0,2026-08-03,
TXN1549,UTR2175261501,processed,43309,6591,0,2026-08-16,fee_deduction_variance
TXN1550,UTR3465667475,processed,19900,0,0,2026-07-30,
TXN1551,UTR3901232981,processed,99900,0,0,2026-07-06,
TXN1552,,failed,0,0,0,,invalid_account
TXN1553,UTR7251686413,processed,49900,0,0,2026-08-27,
TXN1555,UTR7350762338,processed,199900,0,0,2026-08-04,
TXN1556,UTR7274839226,processed,199900,0,0,2026-07-28,
TXN1557,UTR2463356163,processed,29940,0,0,2026-08-17,partial_settlement_1
TXN1557,UTR7833164976,processed,19960,0,0,2026-08-17,partial_settlement_2
TXN1558,,pending,,,,,bank_holiday
TXN1559,UTR9888897104,processed,999900,0,0,2026-07-29,
TXN1560,UTR5935846979,processed,499900,0,0,2026-08-01,
TXN1561,UTR9973421080,processed,499900,0,0,2026-07-28,
TXN1562,UTR9593556607,processed,499900,0,0,2026-07-09,
TXN1563,UTR7980242272,processed,199900,0,0,2026-07-09,
TXN1564,,pending,,,,,bank_holiday
TXN1565,,failed,0,0,0,,declined_by_bank
TXN1566,UTR9290622669,processed,29900,0,0,2026-07-22,
TXN1567,UTR6092933720,processed,999900,0,0,2026-08-05,
TXN1568,UTR9752563670,processed,999900,0,0,2026-07-19,
TXN1569,UTR9925949659,processed,199900,0,0,2026-07-27,
TXN1570,UTR3632982968,processed,29940,0,0,2026-07-24,partial_settlement_1
TXN1570,UTR9175836491,processed,19960,0,0,2026-07-24,partial_settlement_2
TXN1571,UTR6560341732,processed,9900,0,0,2026-08-04,
TXN1572,UTR5412211686,processed,99900,0,0,2026-08-16,
TXN1573,UTR8979441020,processed,29900,0,0,2026-08-29,
TXN1574,UTR4469649363,processed,19900,0,0,2026-08-22,
TXN1575,UTR4529276727,processed,49900,0,0,2026-08-21,
TXN1576,,failed,0,0,0,,network_timeout
TXN1578,UTR6970307272,processed,999900,0,0,2026-08-03,
TXN1579,,failed,0,0,0,,declined_by_bank
TXN1580,UTR4445922559,processed,199900,0,0,2026-07-25,
TXN1581,UTR5265825306,processed,499900,0,0,2026-07-15,
TXN1582,UTR8239165449,processed,9900,0,0,2026-07-10,
TXN1583,,pending,,,,,high_volume_queue
TXN1584,UTR3987809626,processed,19900,0,0,2026-07-09,
TXN1586,UTR5552917235,processed,177894,22006,0,2026-08-23,fee_deduction_variance
TXN1587,UTR8596540119,processed,999900,0,0,2026-08-01,
TXN1588,UTR8633175503,processed,19900,0,0,2026-07-19,
TXN1589,UTR9180270075,processed,29900,0,0,2026-07-05,
TXN1590,,failed,0,0,0,,declined_by_bank
TXN1592,UTR8587094479,processed,99900,0,0,2026-08-30,
TXN1593,UTR6837982055,processed,29900,0,0,2026-08-30,
TXN1594,UTR2669743840,processed,999900,0,0,2026-08-25,
TXN1595,UTR5478854313,processed,99900,0,0,2026-07-30,
TXN1596,UTR4158775469,processed,999900,0,0,2026-08-23,
TXN1597,UTR4408903107,processed,9900,0,0,2026-07-05,
TXN1598,UTR4455101626,processed,29900,0,0,2026-08-28,
TXN1599,UTR4282333775,processed,499900,0,0,2026-08-25,
TXN1600,UTR2884035554,processed,183190,16710,0,2026-08-26,fee_deduction_variance
TXN1601,UTR9072936225,processed,29900,0,0,2026-07-13,
TXN1602,,pending,,,,,high_volume_queue
TXN1603,UTR5029064216,processed,29900,0,0,2026-08-23,
TXN1604,,pending,,,,,processing_delay
TXN1605,,pending,,,,,processing_delay
TXN1606,UTR1185180108,processed,43470,6430,0,2026-08-30,fee_deduction_variance
TXN1607,,pending,,,,,bank_holiday
TXN1608,UTR8393369940,processed,29900,0,0,2026-07-13,
TXN1609,UTR2400727238,processed,199900,0,0,2026-08-20,
TXN1610,UTR9119587751,processed,499900,0,0,2026-08-08,
TXN1611,UTR9484947955,processed,999900,0,0,2026-08-09,
TXN1612,UTR7264548783,processed,29900,0,0,2026-07-20,
TXN1613,UTR5666371719,processed,199900,0,0,2026-07-07,
TXN1614,UTR6359395246,processed,49900,0,0,2026-08-02,
TXN1615,,pending,,,,,bank_holiday
TXN1616,UTR9946809956,processed,9003,897,0,2026-07-31,fee_deduction_variance
TXN1617,UTR2309263254,processed,499900,0,0,2026-08-24,
TXN1618,,failed,0,0,0,,network_timeout
TXN1619,UTR8528596672,processed,9900,0,0,2026-08-09,
TXN1620,UTR4813836089,processed,49900,0,0,2026-07-25,
TXN1621,UTR2438512030,processed,199900,0,0,2026-07-24,
TXN1622,UTR8216518899,processed,892236,107664,0,2026-07-09,fee_deduction_variance
TXN1623,UTR6550233140,processed,19900,0,0,2026-08-11,
TXN1624,UTR1330486187,processed,19900,0,0,2026-07-07,
TXN1625,UTR5001713266,processed,19900,0,0,2026-08-02,
TXN1626,UTR8063812593,processed,499900,0,0,2026-07-16,
TXN1627,,failed,0,0,0,,invalid_account
TXN1628,UTR5932075590,processed,29900,0,0,2026-08-22,
TXN1629,UTR1659212199,processed,29900,0,0,2026-07-04,
TXN1630,UTR9738923086,processed,9900,0,0,2026-07-27,
TXN1631,UTR2375325559,processed,29900,0,0,2026-08-04,
TXN1632,UTR1172146239,processed,119940,0,0,2026-08-03,partial_settlement_1
TXN1632,UTR5796946333,processed,79960,0,0,2026-08-03,partial_settlement_2
TXN1633,UTR8589615766,processed,49900,0,0,2026-08-10,
TXN1634,,failed,0,0,0,,declined_by_bank
TXN1636,UTR9558139653,processed,99900,0,0,2026-08-10,
TXN1638,UTR5323395110,processed,599940,0,0,2026-08-11,partial_settlement_1
TXN1638,UTR6468905805,processed,399960,0,0,2026-08-11,partial_settlement_2
TXN1639,UTR7673807624,processed,999900,0,0,2026-07-16,
TXN1640,,failed,0,0,0,,declined_by_bank
TXN1641,UTR2051194393,processed,99900,0,0,2026-08-25,
TXN1642,UTR9024484626,processed,99900,0,0,2026-08-29,
TXN1643,,pending,,,,,high_volume_queue
TXN1644,UTR6846152492,processed,199900,0,0,2026-07-08,
TXN1645,UTR9995846146,processed,9900,0,0,2026-08-14,
TXN1646,UTR1617262027,processed,199900,0,0,2026-07-11,
TXN1647,UTR1935771229,processed,99900,0,0,2026-07-14,
TXN1648,UTR7087455827,processed,49900,0,0,2026-07-24,
TXN1649,,failed,0,0,0,,network_timeout
TXN1650,,failed,0,0,0,,declined_by_bank
TXN1651,UTR1333870589,processed,29940,0,0,2026-08-24,partial_settlement_1
TXN1651,UTR8622245437,processed,19960,0,0,2026-08-24,partial_settlement_2
TXN1652,,pending,,,,,processing_delay
TXN1653,UTR2509825605,processed,99900,0,0,2026-07-15,
TXN1655,UTR8334756553,processed,5940,0,0,2026-08-19,partial_settlement_1
TXN1655,UTR3531370274,processed,3960,0,0,2026-08-19,partial_settlement_2
TXN1656,UTR2750534060,processed,19900,0,0,2026-07-10,
TXN1657,UTR3120480340,processed,859783,140117,0,2026-07-30,fee_deduction_variance
TXN1658,UTR7674017947,processed,599940,0,0,2026-07-16,partial_settlement_1
TXN1658,UTR8968734873,processed,399960,0,0,2026-07-16,partial_settlement_2
TXN1659,UTR6997362444,processed,19900,0,0,2026-07-03,
TXN1660,,failed,0,0,0,,declined_by_bank
TXN1661,UTR7013965794,processed,199900,0,0,2026-07-26,
TXN1662,UTR3135774649,processed,439953,59947,0,2026-07-31,fee_deduction_variance
TXN1663,UTR8212127816,processed,9900,0,0,2026-07-16,
TXN1664,UTR7433427406,processed,19900,0,0,2026-07-21,
TXN1665,UTR6942645060,processed,199900,0,0,2026-07-29,
TXN1666,UTR7405856143,processed,499900,0,0,2026-08-03,
TXN1667,,failed,0,0,0,,invalid_account
TXN1668,UTR6516617218,processed,29900,0,0,2026-08-30,
TXN1669,UTR7133849777,processed,8867,1033,0,2026-07-11,fee_deduction_variance
TXN1670,UTR2309589038,processed,199900,0,0,2026-07-21,
TXN1671,,pending,,,,,processing_delay
TXN1672,,pending,,,,,processing_delay
TXN1673,UTR2872567668,processed,46096,3804,0,2026-08-01,fee_deduction_variance
TXN1674,UTR5114325536,processed,19900,0,0,2026-08-19,
TXN1675,,pending,,,,,processing_delay
TXN1676,,pending,,,,,processing_delay
TXN1677,,failed,0,0,0,,declined_by_bank
TXN1678,UTR6859515077,processed,912581,87319,0,2026-07-04,fee_deduction_variance
TXN1679,UTR8928367839,processed,29900,0,0,2026-07-09,
TXN1680,UTR1644082961,processed,99900,0,0,2026-08-16,
TXN1681,UTR5979406794,processed,99900,0,0,2026-08-01,
TXN1682,,pending,,,,,bank_holiday
TXN1683,UTR4619584847,processed,199900,0,0,2026-08-13,
TXN1684,UTR4799177162,processed,19900,0,0,2026-07-22,
TXN1685,UTR1936338890,processed,19900,0,0,2026-08-12,
TXN1687,,failed,0,0,0,,invalid_account
TXN1688,,pending,,,,,processing_delay
TXN1689,UTR2668470325,processed,99900,0,0,2026-07-07,
TXN1690,UTR8006606505,processed,99900,0,0,2026-07-05,
TXN1691,UTR5580012388,processed,9290,610,0,2026-07-09,fee_deduction_variance
TXN1692,UTR1584511650,processed,199900,0,0,2026-07-20,
TXN1693,UTR8240255629,processed,99900,0,0,2026-07-27,
TXN1694,,pending,,,,,bank_holiday
TXN1695,UTR5072098082,processed,199900,0,0,2026-08-07,
TXN1696,,failed,0,0,0,,invalid_account
TXN1697,UTR8188100401,processed,99900,0,0,2026-08-27,
TXN1698,,failed,0,0,0,,invalid_account
TXN1699,UTR5418546900,processed,49900,0,0,2026-07-17,
TXN1700,,pending,,,,,processing_delay
TXN1701,UTR9999156586,processed,499900,0,0,2026-07-18,
TXN1702,UTR7956377623,processed,199900,0,0,2026-08-02,
TXN1703,,pending,,,,,high_volume_queue
TXN1704,UTR5796800114,processed,999900,0,0,2026-08-28,
TXN1705,UTR7515348075,processed,999900,0,0,2026-07-17,
TXN1707,UTR3125625600,processed,9900,0,0,2026-08-22,
TXN1708,,failed,0,0,0,,invalid_account
TXN1709,UTR5173107724,processed,99900,0,0,2026-07-10,
TXN1710,UTR3923324008,processed,25508,4392,0,2026-07-06,fee_deduction_variance
TXN1711,UTR3826115582,processed,19900,0,0,2026-08-24,
TXN1712,UTR4707754422,processed,999900,0,0,2026-07-03,
TXN1713,UTR7008051512,processed,199900,0,0,2026-07-16,
TXN1714,UTR1662003357,processed,499900,0,0,2026-09-01,
TXN1715,UTR3201828849,processed,499900,0,0,2026-07-07,
TXN1716,UTR3636542070,processed,499900,0,0,2026-08-16,
TXN1717,UTR9292154271,processed,299940,0,0,2026-08-30,partial_settlement_1
TXN1717,UTR5655616139,processed,199960,0,0,2026-08-30,partial_settlement_2
TXN1718,,failed,0,0,0,,network_timeout
TXN1719,UTR5700774530,processed,9900,0,0,2026-08-29,
TXN1720,UTR2988049941,processed,93792,6108,0,2026-08-16,fee_deduction_variance
TXN1721,,failed,0,0,0,,network_timeout
TXN1722,UTR1076945301,processed,99900,0,0,2026-07-05,
TXN1723,,failed,0,0,0,,network_timeout
TXN1724,UTR1115170841,processed,499900,0,0,2026-08-27,
TXN1725,UTR2990397616,processed,26494,3406,0,2026-08-05,fee_deduction_variance
TXN1726,,failed,0,0,0,,declined_by_bank
TXN1728,,pending,,,,,processing_delay
TXN1729,UTR8079395838,processed,999900,0,0,2026-07-18,
TXN1730,UTR5987889148,processed,999900,0,0,2026-07-03,
TXN1731,UTR8350343413,processed,999900,0,0,2026-08-05,
TXN1732,UTR1554465497,processed,199900,0,0,2026-07-13,
TXN1733,UTR5291794286,processed,999900,0,0,2026-07-13,
TXN1734,UTR1973627242,processed,172648,27252,0,2026-08-22,fee_deduction_variance
TXN1735,UTR9359156230,processed,999900,0,0,2026-08-11,
TXN1736,UTR2553225274,processed,18126,1774,0,2026-07-13,fee_deduction_variance
TXN1737,UTR4518268770,processed,999900,0,0,2026-08-02,
TXN1739,UTR1980034265,processed,25958,3942,0,2026-08-15,fee_deduction_variance
TXN1740,,failed,0,0,0,,declined_by_bank
TXN1741,UTR5558971767,processed,11940,0,0,2026-08-12,partial_settlement_1
TXN1741,UTR4260706483,processed,7960,0,0,2026-08-12,partial_settlement_2
TXN1742,UTR9046820375,processed,26919,2981,0,2026-08-30,fee_deduction_variance
TXN1743,UTR8095445250,processed,199900,0,0,2026-09-02,
TXN1744,UTR2219460880,processed,499900,0,0,2026-07-08,
TXN1745,UTR8619949665,processed,99900,0,0,2026-08-12,
TXN1746,,pending,,,,,bank_holiday
TXN1747,UTR6799653841,processed,999900,0,0,2026-07-27,
TXN1748,UTR6846599544,processed,29900,0,0,2026-07-30,
TXN1749,UTR6217459270,processed,499900,0,0,2026-08-28,
TXN1750,UTR8028547105,processed,499900,0,0,2026-07-29,
TXN1751,UTR6208260061,processed,999900,0,0,2026-07-12,
TXN1753,UTR6557607354,processed,99900,0,0,2026-07-31,
TXN1754,UTR1925915326,processed,29900,0,0,2026-07-14,
TXN1755,UTR7756237356,processed,9900,0,0,2026-07-29,
TXN1756,,pending,,,,,processing_delay
TXN1757,,pending,,,,,processing_delay
TXN1758,UTR8333222223,processed,9900,0,0,2026-07-16,
TXN1759,UTR8518591825,processed,19900,0,0,2026-08-27,
TXN1760,UTR6671208652,processed,17117,2783,0,2026-08-22,fee_deduction_variance
TXN1761,UTR6935691971,processed,999900,0,0,2026-08-12,
TXN1762,UTR1726670039,processed,19900,0,0,2026-08-22,
TXN1763,UTR6687472117,processed,29900,0,0,2026-07-18,
TXN1764,,pending,,,,,high_volume_queue
TXN1765,,pending,,,,,bank_holiday
TXN1766,,failed,0,0,0,,invalid_account
TXN1767,UTR9386407362,processed,999900,0,0,2026-07-10,
TXN1768,,pending,,,,,bank_holiday
TXN1769,,pending,,,,,bank_holiday
TXN1770,UTR9067148137,processed,19900,0,0,2026-08-28,
TXN1771,,failed,0,0,0,,network_timeout
TXN1772,UTR7909686474,processed,49900,0,0,2026-07-25,
TXN1773,UTR9922893828,processed,29900,0,0,2026-07-28,
TXN1774,,pending,,,,,high_volume_queue
TXN1775,UTR8340948569,processed,999900,0,0,2026-07-05,
TXN1776,UTR1030646323,processed,99900,0,0,2026-08-18,
TXN1777,UTR9870656334,processed,19900,0,0,2026-07-27,
TXN1778,UTR3911896416,processed,19900,0,0,2026-08-17,
TXN1779,UTR9568917078,processed,99900,0,0,2026-07-08,
TXN1780,UTR7222812754,processed,999900,0,0,2026-08-09,
TXN1781,UTR5113615245,processed,49900,0,0,2026-08-28,
TXN1782,,pending,,,,,processing_delay
TXN1783,UTR8823857581,processed,199900,0,0,2026-08-17,
TXN1784,UTR3486504625,processed,49900,0,0,2026-07-15,
TXN1785,UTR2854734360,processed,8480,1420,0,2026-08-13,fee_deduction_variance
TXN1786,UTR5340522065,processed,9900,0,0,2026-08-30,
TXN1787,,pending,,,,,high_volume_queue
TXN1788,,failed,0,0,0,,network_timeout
TXN1789,UTR4423198820,processed,199900,0,0,2026-08-02,
TXN1790,UTR6767712944,processed,86682,13218,0,2026-08-05,fee_deduction_variance
TXN1792,UTR9431299488,processed,49900,0,0,2026-07-14,
TXN1793,UTR9605813398,processed,499900,0,0,2026-08-23,
TXN1794,UTR6176794336,processed,49900,0,0,2026-07-25,
TXN1795,UTR6542982627,processed,9900,0,0,2026-09-01,
TXN1796,UTR4087380028,processed,199900,0,0,2026-09-01,
TXN1798,UTR3838581316,processed,499900,0,0,2026-08-12,
TXN1799,UTR7582272381,processed,499900,0,0,2026-08-25,
TXN1800,UTR4391253758,processed,199900,0,0,2026-08-06,
TXN1801,UTR4123723470,processed,9900,0,0,2026-07-08,
TXN1802,UTR2994012789,processed,19900,0,0,2026-08-01,
TXN1803,UTR7791145117,processed,199900,0,0,2026-07-20,
TXN1805,,pending,,,,,processing_delay
TXN1806,UTR7232646959,processed,199900,0,0,2026-07-27,
TXN1807,UTR5620905678,processed,199900,0,0,2026-08-12,
TXN1808,UTR3345164087,processed,19900,0,0,2026-07-04,
TXN1809,UTR5286358927,processed,186841,13059,0,2026-08-13,fee_deduction_variance
TXN1811,UTR4217519234,processed,9900,0,0,2026-07-22,
TXN1813,,pending,,,,,high_volume_queue
TXN1814,,failed,0,0,0,,invalid_account
TXN1815,,pending,,,,,bank_holiday
TXN1816,,pending,,,,,bank_holiday
TXN1817,UTR9430997415,processed,29900,0,0,2026-07-11,
TXN1818,UTR6032953124,processed,49900,0,0,2026-07-21,
TXN1819,UTR4718151021,processed,29900,0,0,2026-08-25,
TXN1820,UTR8236315216,processed,99900,0,0,2026-07-11,
TXN1821,UTR9071271723,processed,9900,0,0,2026-08-05,
TXN1822,UTR4650051715,processed,9900,0,0,2026-08-15,
TXN1823,UTR5061696296,processed,29900,0,0,2026-07-17,
TXN1824,UTR2583692176,processed,99900,0,0,2026-08-15,
TXN1825,UTR1114752423,processed,199900,0,0,2026-08-05,
TXN1827,UTR9944478245,processed,19900,0,0,2026-08-12,
TXN1828,UTR6056192729,processed,999900,0,0,2026-08-02,
TXN1829,UTR7187578950,processed,499900,0,0,2026-08-28,
TXN1830,UTR6619209856,processed,9900,0,0,2026-08-19,
TXN1831,UTR4903078968,processed,9900,0,0,2026-07-15,
TXN1833,UTR7621562469,processed,29900,0,0,2026-08-31,
TXN1834,UTR5346426918,processed,49900,0,0,2026-08-27,
TXN1835,,pending,,,,,bank_holiday
TXN1837,UTR8248294618,processed,19900,0,0,2026-08-13,
TXN1838,,pending,,,,,high_volume_queue
TXN1839,UTR8464280728,processed,9900,0,0,2026-08-31,
TXN1840,UTR1162808124,processed,19900,0,0,2026-08-25,
TXN1841,,pending,,,,,high_volume_queue
TXN1842,UTR4090238502,processed,9900,0,0,2026-07-09,
TXN1843,UTR5095943641,processed,199900,0,0,2026-08-04,
TXN1844,,pending,,,,,high_volume_queue
TXN1845,UTR6596774914,processed,999900,0,0,2026-08-22,
TXN1846,UTR2622284281,processed,49900,0,0,2026-07-09,
TXN1847,UTR3307246477,processed,470621,29279,0,2026-07-24,fee_deduction_variance
TXN1848,UTR5603945749,processed,29900,0,0,2026-08-09,
TXN1849,UTR7405744932,processed,999900,0,0,2026-08-24,
TXN1850,UTR4801044279,processed,119940,0,0,2026-08-02,partial_settlement_1
TXN1850,UTR5829594122,processed,79960,0,0,2026-08-02,partial_settlement_2
TXN1851,UTR3991253219,processed,49900,0,0,2026-08-17,
TXN1852,UTR3771686437,processed,499900,0,0,2026-08-17,
TXN1853,,pending,,,,,bank_holiday
TXN1854,UTR7128366328,processed,499900,0,0,2026-07-19,
TXN1855,UTR5907917027,processed,463078,36822,0,2026-08-13,fee_deduction_variance
TXN1856,UTR2850914417,processed,499900,0,0,2026-09-01,
TXN1857,UTR1912995701,processed,29900,0,0,2026-08-21,
TXN1858,,pending,,,,,bank_holiday
TXN1859,UTR4266466941,processed,499900,0,0,2026-08-16,
TXN1860,UTR5326157171,processed,59940,0,0,2026-07-21,partial_settlement_1
TXN1860,UTR8565000642,processed,39960,0,0,2026-07-21,partial_settlement_2
TXN1861,,failed,0,0,0,,declined_by_bank
TXN1862,UTR8294178468,processed,499900,0,0,2026-07-24,
TXN1863,UTR9030957760,processed,29900,0,0,2026-07-26,
TXN1864,,pending,,,,,high_volume_queue
TXN1865,UTR4887816258,processed,999900,0,0,2026-07-17,
TXN1867,UTR9145012813,processed,11940,0,0,2026-07-10,partial_settlement_1
TXN1867,UTR5101913760,processed,7960,0,0,2026-07-10,partial_settlement_2
TXN1868,UTR4074187947,processed,49900,0,0,2026-08-19,
TXN1869,,pending,,,,,high_volume_queue
TXN1870,UTR8972064951,processed,999900,0,0,2026-07-14,
TXN1871,UTR7755292104,processed,99900,0,0,2026-08-14,
TXN1872,UTR8933313957,processed,199900,0,0,2026-07-27,
TXN1873,,pending,,,,,bank_holiday
TXN1874,UTR7878241592,processed,999900,0,0,2026-08-23,
TXN1876,UTR4078487866,processed,599940,0,0,2026-08-02,partial_settlement_1
TXN1876,UTR4159917292,processed,399960,0,0,2026-08-02,partial_settlement_2
TXN1878,UTR2691239817,processed,999900,0,0,2026-07-16,
TXN1879,,pending,,,,,processing_delay
TXN1880,UTR9515634004,processed,49900,0,0,2026-07-16,
TXN1881,UTR8087116099,processed,29900,0,0,2026-08-26,
TXN1882,UTR5099784081,processed,29900,0,0,2026-08-18,
TXN1884,UTR9688833791,processed,999900,0,0,2026-09-01,
TXN1885,UTR7157507702,processed,908012,91888,0,2026-07-20,fee_deduction_variance
TXN1889,UTR7710870125,processed,199900,0,0,2026-08-30,
TXN1890,UTR2291067101,processed,19900,0,0,2026-08-13,
TXN1891,UTR3192968846,processed,99900,0,0,2026-08-05,
TXN1892,UTR6837140423,processed,9900,0,0,2026-08-30,
TXN1893,UTR2958796094,processed,499900,0,0,2026-07-29,
TXN1894,,pending,,,,,high_volume_queue
TXN1896,UTR5578260598,processed,9900,0,0,2026-08-18,
TXN1898,UTR8760139014,processed,499900,0,0,2026-08-09,
TXN1899,UTR6028321870,processed,199900,0,0,2026-07-08,
TXN1901,,failed,0,0,0,,network_timeout
TXN1902,UTR4496203239,processed,441461,58439,0,2026-08-22,fee_deduction_variance
TXN1903,UTR4135124384,processed,19900,0,0,2026-08-06,
TXN1904,UTR5880922736,processed,9900,0,0,2026-07-17,
TXN1905,UTR8514766634,processed,19900,0,0,2026-09-02,
TXN1906,UTR1750821255,processed,9900,0,0,2026-08-04,
TXN1907,UTR5164951786,processed,29900,0,0,2026-08-11,
TXN1908,UTR1915111272,processed,49900,0,0,2026-07-10,
TXN1909,UTR9312541476,processed,499900,0,0,2026-07-04,
TXN1910,UTR1460266142,processed,999900,0,0,2026-08-11,
TXN1911,UTR4859070910,processed,29900,0,0,2026-08-10,
TXN1912,UTR6580386377,processed,999900,0,0,2026-08-24,
TXN1913,UTR8503699096,processed,99900,0,0,2026-08-05,
TXN1914,UTR4869756151,processed,49900,0,0,2026-08-21,
TXN1915,UTR9082125721,processed,49900,0,0,2026-07-21,
TXN1916,UTR3147487660,processed,499900,0,0,2026-08-26,
TXN1917,UTR6507107442,processed,9900,0,0,2026-08-06,
TXN1918,UTR4293069999,processed,499900,0,0,2026-07-25,
TXN1919,UTR1638773733,processed,43544,6356,0,2026-08-20,fee_deduction_variance
TXN1920,UTR5513818912,processed,499900,0,0,2026-08-15,
TXN1921,UTR3765414165,processed,99900,0,0,2026-08-19,
TXN1922,UTR1780617297,processed,99900,0,0,2026-08-15,
TXN1923,UTR6088849062,processed,199900,0,0,2026-08-15,
TXN1924,UTR8774042176,processed,199900,0,0,2026-08-26,
TXN1925,,pending,,,,,bank_holiday
TXN1926,UTR6767702860,processed,19900,0,0,2026-07-26,
TXN1927,UTR6866976974,processed,49900,0,0,2026-07-18,
TXN1928,UTR5155324773,processed,19900,0,0,2026-08-28,
TXN1929,,failed,0,0,0,,declined_by_bank
TXN1930,,pending,,,,,bank_holiday
TXN1931,UTR6406653532,processed,49900,0,0,2026-07-20,
TXN1932,UTR9757827766,processed,99900,0,0,2026-08-26,
TXN1933,UTR9595947379,processed,17940,0,0,2026-07-08,partial_settlement_1
TXN1933,UTR6880283365,processed,11960,0,0,2026-07-08,partial_settlement_2
TXN1934,UTR8833727382,processed,99900,0,0,2026-08-06,
TXN1935,,pending,,,,,high_volume_queue
TXN1936,UTR2915795547,processed,49900,0,0,2026-08-18,
TXN1937,UTR1756389067,processed,499900,0,0,2026-08-23,
TXN1938,UTR1298303177,processed,29900,0,0,2026-08-31,
TXN1939,UTR4470302359,processed,49900,0,0,2026-07-05,
TXN1940,UTR5654007427,processed,499900,0,0,2026-08-31,
TXN1941,,failed,0,0,0,,declined_by_bank
TXN1942,UTR1528605335,processed,999900,0,0,2026-08-14,
TXN1943,UTR6268529625,processed,99900,0,0,2026-07-31,
TXN1944,,failed,0,0,0,,declined_by_bank
TXN1945,UTR4846514715,processed,19900,0,0,2026-08-10,
TXN1946,UTR8246300124,processed,29900,0,0,2026-07-30,
TXN1947,UTR3816872014,processed,99900,0,0,2026-07-08,
TXN1948,UTR1621343575,processed,499900,0,0,2026-07-18,
TXN1949,UTR4958262912,processed,29900,0,0,2026-08-11,
TXN1950,UTR9949069966,processed,999900,0,0,2026-07-30,
TXN1951,UTR7693167380,processed,49900,0,0,2026-08-18,
TXN1952,UTR1964594683,processed,9900,0,0,2026-08-09,
TXN1953,,failed,0,0,0,,declined_by_bank
TXN1954,UTR1606782223,processed,19900,0,0,2026-07-11,
TXN1955,UTR6581343068,processed,9303,597,0,2026-07-10,fee_deduction_variance
TXN1956,UTR3759320154,processed,199900,0,0,2026-07-13,
TXN1958,UTR6204917298,processed,59940,0,0,2026-08-06,partial_settlement_1
TXN1958,UTR3658772734,processed,39960,0,0,2026-08-06,partial_settlement_2
TXN1959,,failed,0,0,0,,network_timeout
TXN1960,UTR1448394850,processed,499900,0,0,2026-08-29,
TXN1961,UTR3564571185,processed,199900,0,0,2026-08-17,
TXN1962,UTR1196196740,processed,29940,0,0,2026-08-18,partial_settlement_1
TXN1962,UTR2351112065,processed,19960,0,0,2026-08-18,partial_settlement_2
TXN1963,UTR5182657117,processed,199900,0,0,2026-08-08,
TXN1964,UTR6936124697,processed,19900,0,0,2026-08-06,
TXN1965,UTR4798477983,processed,9900,0,0,2026-08-22,
TXN1966,,pending,,,,,processing_delay
TXN1967,UTR3136844280,processed,99900,0,0,2026-07-24,
TXN1968,UTR9306707151,processed,99900,0,0,2026-07-08,
TXN1969,UTR9530420568,processed,99900,0,0,2026-08-10,
TXN1970,UTR7016988123,processed,999900,0,0,2026-07-04,
TXN1971,,pending,,,,,bank_holiday
TXN1972,,pending,,,,,high_volume_queue
TXN1973,,pending,,,,,processing_delay
TXN1974,UTR1368605032,processed,19900,0,0,2026-08-03,
TXN1975,UTR8478761088,processed,499900,0,0,2026-08-21,
TXN1976,UTR3440428643,processed,999900,0,0,2026-07-30,
TXN1977,UTR1232261179,processed,499900,0,0,2026-07-04,
TXN1978,UTR2739755884,processed,499900,0,0,2026-08-17,
TXN1979,UTR9167489057,processed,999900,0,0,2026-07-30,
TXN1980,UTR7170940238,processed,99900,0,0,2026-08-20,
TXN1981,UTR8443722173,processed,499900,0,0,2026-07-29,
TXN1982,UTR1418527641,processed,912391,87509,0,2026-08-02,fee_deduction_variance
TXN1983,UTR2495016079,processed,49900,0,0,2026-07-19,
TXN1984,UTR8298511580,processed,9900,0,0,2026-07-11,
TXN1985,UTR6050081855,processed,499900,0,0,2026-08-11,
TXN1986,UTR8018437138,processed,29900,0,0,2026-07-26,
TXN1987,,pending,,,,,processing_delay
TXN1988,UTR1909979573,processed,19900,0,0,2026-08-01,
TXN1989,UTR2699984810,processed,499900,0,0,2026-08-21,
TXN1990,,pending,,,,,high_volume_queue
TXN1991,UTR9559135932,processed,445016,54884,0,2026-09-02,fee_deduction_variance
TXN1993,UTR9232015048,processed,29900,0,0,2026-07-06,
TXN1994,UTR5176425710,processed,199900,0,0,2026-08-27,
TXN1995,UTR6247398726,processed,9190,710,0,2026-08-03,fee_deduction_variance
TXN1996,UTR3694825728,processed,49900,0,0,2026-07-14,
TXN1997,UTR4842298310,processed,19900,0,0,2026-08-04,
TXN1998,UTR5610973669,processed,999900,0,0,2026-07-06,
TXN1999,UTR2283142882,processed,49900,0,0,2026-08-08,
TXN2001,UTR4268302525,processed,29900,0,0,2026-07-16,
TXN2002,UTR6470355877,processed,19900,0,0,2026-09-01,
TXN2003,,failed,0,0,0,,network_timeout
TXN2004,UTR7818599399,processed,99900,0,0,2026-08-21,
TXN2005,,pending,,,,,high_volume_queue
TXN2006,UTR7491228078,processed,499900,0,0,2026-08-21,
TXN2007,UTR6680872342,processed,99900,0,0,2026-07-11,
TXN2008,UTR5336340723,processed,49900,0,0,2026-08-19,
TXN2009,UTR6951067540,processed,199900,0,0,2026-08-03,
TXN2010,,pending,,,,,high_volume_queue
TXN2011,UTR2809200195,processed,199900,0,0,2026-08-21,
TXN2012,UTR9666540904,processed,29900,0,0,2026-08-13,
TXN2013,UTR1069888983,processed,999900,0,0,2026-08-24,
TXN2014,UTR5497143326,processed,499900,0,0,2026-08-16,
TXN2015,UTR1125791798,processed,999900,0,0,2026-07-09,
TXN2016,,failed,0,0,0,,declined_by_bank
TXN2017,UTR2306916015,processed,199900,0,0,2026-09-01,
TXN2018,UTR5837373178,processed,499900,0,0,2026-07-19,
TXN2019,UTR9488356267,processed,499900,0,0,2026-07-22,
TXN2020,UTR4748958133,processed,999900,0,0,2026-08-28,
TXN2021,UTR8810447184,processed,49900,0,0,2026-08-29,
TXN2022,UTR8338004726,processed,19900,0,0,2026-08-20,
TXN2023,UTR8645132254,processed,11940,0,0,2026-08-18,partial_settlement_1
TXN2023,UTR1807254039,processed,7960,0,0,2026-08-18,partial_settlement_2
TXN2024,UTR4199862297,processed,29900,0,0,2026-07-03,
TXN2025,,pending,,,,,processing_delay
TXN2026,UTR5523275189,processed,19900,0,0,2026-08-06,
TXN2027,UTR6108647286,processed,19900,0,0,2026-07-23,
TXN2028,UTR5118752186,processed,99900,0,0,2026-07-25,
TXN2029,UTR8369405044,processed,9900,0,0,2026-07-28,
TXN2030,UTR7856113826,processed,19900,0,0,2026-07-17,
TXN2031,UTR6026110651,processed,19900,0,0,2026-07-31,
TXN2032,UTR2434751674,processed,17940,0,0,2026-08-12,partial_settlement_1
TXN2032,UTR1330614006,processed,11960,0,0,2026-08-12,partial_settlement_2
TXN2033,UTR1469809301,processed,9900,0,0,2026-08-11,
TXN2034,UTR8456864082,processed,88566,11334,0,2026-07-30,fee_deduction_variance
TXN2035,UTR8850124241,processed,199900,0,0,2026-08-16,
TXN2038,UTR4197023855,processed,5940,0,0,2026-07-27,partial_settlement_1
TXN2038,UTR9395863943,processed,3960,0,0,2026-07-27,partial_settlement_2
TXN2039,UTR9108876355,processed,99900,0,0,2026-07-07,
TXN2040,,pending,,,,,processing_delay
TXN2041,UTR3924542318,processed,199900,0,0,2026-08-26,
TXN2042,UTR3547223225,processed,25561,4339,0,2026-08-02,fee_deduction_variance
TXN2044,UTR6139905102,processed,99900,0,0,2026-07-21,
TXN2045,UTR4883349761,processed,99900,0,0,2026-08-31,
TXN2046,UTR2073829642,processed,99900,0,0,2026-07-27,
TXN2047,,pending,,,,,processing_delay
TXN2048,UTR6816218289,processed,29900,0,0,2026-08-05,
TXN2049,UTR4246378777,processed,499900,0,0,2026-08-31,
TXN2050,,pending,,,,,processing_delay
TXN2052,UTR4712200911,processed,19900,0,0,2026-07-26,
TXN2053,,failed,0,0,0,,declined_by_bank
TXN2054,UTR1861999412,processed,17940,0,0,2026-07-24,partial_settlement_1
TXN2054,UTR1288372981,processed,11960,0,0,2026-07-24,partial_settlement_2
TXN2055,UTR2678103394,processed,19900,0,0,2026-08-27,
TXN2057,UTR6155468456,processed,19900,0,0,2026-08-23,
TXN2058,,pending,,,,,high_volume_queue
TXN2059,UTR7788359341,processed,499900,0,0,2026-08-23,
TXN2060,UTR5974923010,processed,999900,0,0,2026-07-06,
TXN2061,UTR3817151728,processed,49900,0,0,2026-07-06,
TXN2062,UTR7372634805,processed,171551,28349,0,2026-07-19,fee_deduction_variance
TXN2063,,pending,,,,,high_volume_queue
TXN2064,UTR5751180577,processed,199900,0,0,2026-07-24,
TXN2065,UTR1276466636,processed,199900,0,0,2026-07-15,
TXN2066,UTR4966620689,processed,19900,0,0,2026-07-09,
TXN2067,,pending,,,,,processing_delay
TXN2068,UTR9959380382,processed,99900,0,0,2026-08-20,
TXN2069,UTR2463343954,processed,19900,0,0,2026-08-30,
TXN2071,UTR7516525681,processed,29900,0,0,2026-08-04,
TXN2072,UTR6374644126,processed,999900,0,0,2026-08-30,
TXN2073,,pending,,,,,processing_delay
TXN2074,UTR2120475823,processed,19900,0,0,2026-08-03,
TXN2075,,failed,0,0,0,,invalid_account
TXN2076,,failed,0,0,0,,declined_by_bank
TXN2077,UTR7346211863,processed,9900,0,0,2026-08-31,
TXN2078,,pending,,,,,high_volume_queue
TXN2079,,failed,0,0,0,,invalid_account
TXN2080,UTR9985032096,processed,199900,0,0,2026-08-20,
TXN2081,UTR1329044656,processed,499900,0,0,2026-07-27,
TXN2082,,pending,,,,,bank_holiday
TXN2083,UTR6241094005,processed,999900,0,0,2026-07-21,
TXN2084,UTR3162281537,processed,199900,0,0,2026-08-15,
TXN2085,UTR3374969448,processed,499900,0,0,2026-08-01,
TXN2086,,pending,,,,,bank_holiday
TXN2087,UTR7913813833,processed,9900,0,0,2026-08-15,
TXN2088,UTR3287035463,processed,499900,0,0,2026-08-05,
TXN2089,UTR3538147976,processed,9900,0,0,2026-07-16,
TXN2090,,failed,0,0,0,,network_timeout
TXN2091,,failed,0,0,0,,declined_by_bank
TXN2092,UTR6565525658,processed,48395,1505,0,2026-07-05,fee_deduction_variance
TXN2093,,pending,,,,,processing_delay
TXN2094,UTR3003342401,processed,199900,0,0,2026-07-09,
TXN2095,UTR2891673334,processed,49900,0,0,2026-08-29,
TXN2096,UTR3817404707,processed,99900,0,0,2026-07-08,
TXN2097,UTR1979048220,processed,9900,0,0,2026-07-20,
TXN2098,,failed,0,0,0,,declined_by_bank
TXN2099,UTR9896565925,processed,999900,0,0,2026-08-01,
TXN2100,UTR9476123135,processed,29900,0,0,2026-08-13,
TXN2101,UTR3615798918,processed,29900,0,0,2026-08-30,
TXN2102,,pending,,,,,high_volume_queue
TXN2103,UTR9810831226,processed,49900,0,0,2026-07-31,
TXN2104,,pending,,,,,bank_holiday
TXN2105,UTR5637233545,processed,999900,0,0,2026-07-17,
TXN2106,UTR3309042717,processed,19900,0,0,2026-07-22,
TXN2107,UTR5223016951,processed,29900,0,0,2026-08-17,
TXN2108,UTR1433771828,processed,49900,0,0,2026-07-08,
TXN2109,UTR9178736108,processed,499900,0,0,2026-07-20,
TXN2110,UTR1194294443,processed,499900,0,0,2026-08-17,
TXN2112,UTR7242851593,processed,29900,0,0,2026-07-06,
TXN2113,UTR6572069519,processed,29900,0,0,2026-07-17,
TXN2114,UTR6199833952,processed,473744,26156,0,2026-08-12,fee_deduction_variance
TXN2115,UTR2885133086,processed,199900,0,0,2026-08-11,
TXN2116,UTR1412213852,processed,99900,0,0,2026-07-15,
TXN2117,UTR4532173418,processed,29900,0,0,2026-07-25,
TXN2118,UTR4942759335,processed,99900,0,0,2026-08-06,
TXN2119,UTR9929525100,processed,19900,0,0,2026-07-08,
TXN2120,UTR4971685036,processed,19900,0,0,2026-08-22,
TXN2122,UTR8445586448,processed,499900,0,0,2026-07-20,
TXN2123,,failed,0,0,0,,invalid_account
TXN2124,UTR8033930780,processed,49900,0,0,2026-08-30,
TXN2125,UTR7360670711,processed,29900,0,0,2026-07-11,
TXN2126,UTR6051716670,processed,19900,0,0,2026-08-06,
TXN2127,UTR7876495136,processed,19900,0,0,2026-07-20,
TXN2128,UTR6683066445,processed,9900,0,0,2026-08-15,
TXN2129,UTR6235342653,processed,499900,0,0,2026-07-13,
TXN2130,,pending,,,,,high_volume_queue
TXN2131,UTR8321761825,processed,199900,0,0,2026-07-26,
TXN2132,UTR6279951345,processed,19900,0,0,2026-07-31,
TXN2133,UTR4631317398,processed,199900,0,0,2026-08-19,
TXN2134,UTR5440042755,processed,499900,0,0,2026-08-30,
TXN2135,UTR9907290768,processed,499900,0,0,2026-08-24,
TXN2136,UTR8699244299,processed,499900,0,0,2026-09-01,
TXN2137,UTR1870446839,processed,99900,0,0,2026-08-06,
TXN2138,UTR7370937693,processed,999900,0,0,2026-08-15,
TXN2139,UTR2942486389,processed,49900,0,0,2026-08-31,
TXN2140,,pending,,,,,bank_holiday
TXN2141,UTR5901977457,processed,19900,0,0,2026-08-22,
TXN2142,UTR7063886452,processed,999900,0,0,2026-07-18,
TXN2143,,pending,,,,,high_volume_queue
TXN2144,UTR5746127311,processed,999900,0,0,2026-08-02,
TXN2145,UTR6142654720,processed,499900,0,0,2026-07-15,
TXN2146,UTR2715434253,processed,499900,0,0,2026-08-23,
TXN2147,UTR5902780755,processed,499900,0,0,2026-07-17,
TXN2148,UTR2988055189,processed,49900,0,0,2026-07-04,
TXN2149,UTR1769768868,processed,29900,0,0,2026-07-31,
TXN2150,,failed,0,0,0,,invalid_account
TXN2151,,pending,,,,,high_volume_queue
TXN2152,,failed,0,0,0,,invalid_account
TXN2153,,failed,0,0,0,,invalid_account
TXN2154,UTR1898965501,processed,29900,0,0,2026-07-27,
TXN2155,UTR2388725602,processed,49900,0,0,2026-08-27,
TXN2156,UTR7700772345,processed,999900,0,0,2026-07-21,
TXN2157,UTR4617183757,processed,499900,0,0,2026-08-10,
TXN2158,UTR2495423827,processed,99900,0,0,2026-07-10,
TXN2159,,pending,,,,,processing_delay
TXN2160,UTR4958087064,processed,9900,0,0,2026-08-05,
TXN2161,UTR3685515992,processed,9900,0,0,2026-07-23,
TXN2162,UTR5459007549,processed,9900,0,0,2026-07-25,
TXN2163,UTR4051964572,processed,29900,0,0,2026-07-08,
TXN2164,UTR9350709115,processed,99900,0,0,2026-07-22,
TXN2165,UTR8425814077,processed,499900,0,0,2026-07-10,
TXN2166,,failed,0,0,0,,network_timeout
TXN2167,UTR2988592958,processed,9900,0,0,2026-08-15,
TXN2168,,pending,,,,,bank_holiday
TXN2169,UTR2333531793,processed,199900,0,0,2026-08-27,
TXN2170,UTR1855663345,processed,99900,0,0,2026-08-15,
TXN2171,,pending,,,,,high_volume_queue
TXN2172,UTR8714926942,processed,29900,0,0,2026-07-04,
TXN2173,UTR4959613569,processed,99900,0,0,2026-07-31,
TXN2174,UTR4869868882,processed,29900,0,0,2026-08-24,
TXN2175,UTR5993954519,processed,999900,0,0,2026-08-12,
TXN2176,,pending,,,,,processing_delay
TXN2177,UTR3177379883,processed,199900,0,0,2026-08-11,
TXN2178,UTR4229171556,processed,99900,0,0,2026-08-08,
TXN2179,UTR2978209240,processed,179414,20486,0,2026-08-28,fee_deduction_variance
TXN2180,UTR9977198454,processed,49900,0,0,2026-08-14,
TXN2181,UTR9215555368,processed,199900,0,0,2026-08-02,
TXN2182,UTR8616095594,processed,999900,0,0,2026-07-16,
TXN2183,UTR6304961439,processed,499900,0,0,2026-08-07,
TXN2184,UTR3147267582,processed,9900,0,0,2026-07-25,
TXN2185,,pending,,,,,processing_delay
TXN2186,UTR5649905416,processed,999900,0,0,2026-08-16,
TXN2187,UTR8242597557,processed,19900,0,0,2026-07-13,
TXN2188,UTR7451305385,processed,499900,0,0,2026-07-15,
TXN2189,UTR1343636531,processed,199900,0,0,2026-08-10,
TXN2190,UTR7291109928,processed,99900,0,0,2026-07-31,
TXN2191,,pending,,,,,processing_delay
TXN2192,UTR7213830490,processed,99900,0,0,2026-07-29,
TXN2193,UTR1752622784,processed,9900,0,0,2026-08-25,
TXN2194,UTR2968897085,processed,29900,0,0,2026-07-24,
TXN2195,,pending,,,,,high_volume_queue
TXN2196,UTR4431481733,processed,199900,0,0,2026-08-05,
TXN2197,,failed,0,0,0,,network_timeout
TXN2198,UTR8653848950,processed,499900,0,0,2026-07-20,
TXN2199,UTR1950578005,processed,59940,0,0,2026-08-03,partial_settlement_1
TXN2199,UTR9667557205,processed,39960,0,0,2026-08-03,partial_settlement_2
TXN2200,,pending,,,,,high_volume_queue
TXN2201,UTR8828130662,processed,499900,0,0,2026-07-05,
TXN2202,,failed,0,0,0,,declined_by_bank
TXN2203,UTR6600777928,processed,19900,0,0,2026-07-29,
TXN2204,UTR4285392988,processed,999900,0,0,2026-08-24,
TXN2205,UTR2699732017,processed,999900,0,0,2026-08-08,
TXN2206,UTR6230207584,processed,89135,10765,0,2026-07-09,fee_deduction_variance
TXN2207,UTR7029987916,processed,199900,0,0,2026-07-24,
TXN2208,UTR8571747753,processed,999900,0,0,2026-07-05,
TXN2209,UTR3733389690,processed,11940,0,0,2026-07-26,partial_settlement_1
TXN2209,UTR3658052055,processed,7960,0,0,2026-07-26,partial_settlement_2
TXN2210,UTR7981448409,processed,19900,0,0,2026-07-27,
TXN2211,UTR5988085989,processed,190312,9588,0,2026-07-16,fee_deduction_variance
TXN2212,UTR1132670505,processed,49900,0,0,2026-08-03,
TXN2213,UTR1684044771,processed,599940,0,0,2026-07-21,partial_settlement_1
TXN2213,UTR5133794489,processed,399960,0,0,2026-07-21,partial_settlement_2
TXN2215,UTR4301805593,processed,19900,0,0,2026-07-22,
TXN2216,UTR4100941554,processed,999900,0,0,2026-07-13,
TXN2217,UTR3979487804,processed,199900,0,0,2026-07-05,
TXN2218,UTR8676712652,processed,999900,0,0,2026-07-16,
TXN2219,UTR9075271226,processed,99900,0,0,2026-08-30,
TXN2220,,pending,,,,,high_volume_queue
TXN2221,UTR1978900486,processed,99900,0,0,2026-07-17,
TXN2222,UTR4865487796,processed,99900,0,0,2026-07-27,
TXN2223,UTR3784755893,processed,29900,0,0,2026-07-10,
TXN2224,,pending,,,,,bank_holiday
TXN2225,,failed,0,0,0,,invalid_account
TXN2226,UTR3690376240,processed,9900,0,0,2026-07-07,
TXN2227,,failed,0,0,0,,invalid_account
TXN2228,,failed,0,0,0,,network_timeout
TXN2229,UTR2300347998,processed,29900,0,0,2026-07-25,
TXN2230,UTR3722604277,processed,49900,0,0,2026-07-15,
TXN2231,UTR9631176906,processed,19900,0,0,2026-08-28,
TXN2232,UTR7877763708,processed,940453,59447,0,2026-07-27,fee_deduction_variance
TXN2233,UTR6364508651,processed,29900,0,0,2026-08-01,
TXN2234,UTR3129392953,processed,99900,0,0,2026-08-26,
TXN2235,,pending,,,,,bank_holiday
TXN2236,UTR3617897214,processed,49900,0,0,2026-08-14,
TXN2237,UTR5969846920,processed,29900,0,0,2026-08-22,
TXN2238,UTR5917679694,processed,499900,0,0,2026-08-19,
TXN2239,,pending,,,,,processing_delay
TXN2241,UTR4174053689,processed,99900,0,0,2026-07-11,
TXN2242,UTR5066080422,processed,999900,0,0,2026-08-27,
TXN2243,UTR8042151493,processed,999900,0,0,2026-08-15,
TXN2244,UTR8440811892,processed,199900,0,0,2026-07-05,
TXN2245,UTR8805286989,processed,99900,0,0,2026-08-21,
TXN2246,,failed,0,0,0,,network_timeout
TXN2247,UTR5005835472,processed,199900,0,0,2026-08-19,
TXN2248,UTR7495114421,processed,499900,0,0,2026-08-07,
TXN2249,UTR3724614926,processed,499900,0,0,2026-08-01,
TXN2250,UTR8232523707,processed,19900,0,0,2026-07-14,
TXN2251,UTR5387238367,processed,999900,0,0,2026-07-23,
TXN2252,UTR5941338054,processed,9900,0,0,2026-07-11,
TXN2253,UTR1636874095,processed,199900,0,0,2026-08-03,
TXN2254,UTR5100236063,processed,19900,0,0,2026-07-30,
TXN2255,UTR2526194146,processed,49900,0,0,2026-08-20,
TXN2256,,failed,0,0,0,,declined_by_bank
TXN2258,UTR2782960617,processed,19900,0,0,2026-07-16,
TXN2259,UTR7098913489,processed,199900,0,0,2026-08-16,
TXN2260,UTR9952650911,processed,199900,0,0,2026-07-10,
TXN2261,,pending,,,,,bank_holiday
TXN2262,,failed,0,0,0,,network_timeout
TXN2263,UTR5145932741,processed,99900,0,0,2026-07-24,
TXN2264,UTR6609505682,processed,29900,0,0,2026-07-07,
TXN2265,UTR9736920270,processed,99900,0,0,2026-08-13,
TXN2266,UTR5359127503,processed,9900,0,0,2026-08-08,
TXN2267,UTR3735272426,processed,299940,0,0,2026-08-26,partial_settlement_1
TXN2267,UTR6632552759,processed,199960,0,0,2026-08-26,partial_settlement_2
TXN2268,UTR3453455127,processed,29900,0,0,2026-07-22,
TXN2269,,failed,0,0,0,,network_timeout
TXN2270,UTR5860644976,processed,49900,0,0,2026-08-22,
TXN2271,UTR4411040931,processed,29900,0,0,2026-07-16,
TXN2272,UTR2477046857,processed,29900,0,0,2026-07-11,
TXN2273,UTR8494547983,processed,499900,0,0,2026-08-19,
TXN2274,UTR3848628797,processed,199900,0,0,2026-07-07,
TXN2275,UTR1406233127,processed,199900,0,0,2026-08-16,
TXN2276,UTR7238718416,processed,19900,0,0,2026-07-29,
TXN2277,UTR8492981900,processed,29900,0,0,2026-07-11,
TXN2278,UTR3316951071,processed,29900,0,0,2026-07-09,
TXN2279,UTR6163393045,processed,29900,0,0,2026-08-22,
TXN2280,UTR9324262230,processed,99900,0,0,2026-07-07,
TXN2281,UTR8538395894,processed,99900,0,0,2026-07-21,
TXN2282,UTR2504988056,processed,920877,79023,0,2026-07-16,fee_deduction_variance
TXN2283,,pending,,,,,processing_delay
TXN2284,UTR7865275431,processed,99900,0,0,2026-09-01,
TXN2285,,failed,0,0,0,,declined_by_bank
TXN2286,,pending,,,,,high_volume_queue
TXN2287,UTR8150736635,processed,999900,0,0,2026-08-18,
TXN2288,UTR6707279978,processed,463323,36577,0,2026-07-24,fee_deduction_variance
TXN2289,,failed,0,0,0,,network_timeout
TXN2290,,pending,,,,,bank_holiday
TXN2291,UTR5466185840,processed,19900,0,0,2026-08-27,
TXN2292,UTR1776262473,processed,999900,0,0,2026-07-27,
TXN2293,UTR8228480197,processed,19900,0,0,2026-07-06,
TXN2294,UTR4502414628,processed,99900,0,0,2026-07-13,
TXN2295,,failed,0,0,0,,invalid_account
TXN2296,,pending,,,,,processing_delay
TXN2297,UTR2386242699,processed,199900,0,0,2026-07-12,
TXN2298,UTR3987734263,processed,99900,0,0,2026-07-19,
TXN2301,,pending,,,,,processing_delay
TXN2302,,pending,,,,,bank_holiday
TXN2303,,pending,,,,,bank_holiday
TXN2304,UTR7147449836,processed,499900,0,0,2026-07-08,
TXN2305,UTR8337324204,processed,199900,0,0,2026-08-10,
TXN2306,,failed,0,0,0,,invalid_account
TXN2307,,pending,,,,,bank_holiday
TXN2308,UTR9708376770,processed,9900,0,0,2026-08-02,
TXN2309,UTR2419629493,processed,499900,0,0,2026-08-08,
TXN2310,,pending,,,,,high_volume_queue
TXN2311,UTR1778411697,processed,19900,0,0,2026-07-24,
TXN2312,,pending,,,,,processing_delay
TXN2313,UTR3146117090,processed,29900,0,0,2026-08-22,
TXN2314,,pending,,,,,bank_holiday
TXN2315,,failed,0,0,0,,declined_by_bank
TXN2316,UTR7961593935,processed,9550,350,0,2026-08-08,fee_deduction_variance
TXN2317,UTR9123659061,processed,49900,0,0,2026-08-26,
TXN2318,,pending,,,,,processing_delay
TXN2319,UTR3592027247,processed,199900,0,0,2026-07-26,
TXN2320,UTR2453176190,processed,999900,0,0,2026-07-10,
TXN2321,UTR9980576769,processed,49900,0,0,2026-08-20,
TXN2322,UTR7985074008,processed,499900,0,0,2026-07-22,
TXN2323,UTR6608787408,processed,499900,0,0,2026-08-02,
TXN2324,UTR8047751134,processed,9900,0,0,2026-07-10,
TXN2325,UTR4647375561,processed,9900,0,0,2026-08-13,
TXN2326,UTR4066755136,processed,9900,0,0,2026-08-26,
TXN2327,UTR8865390946,processed,9900,0,0,2026-07-05,
TXN2328,UTR7984434647,processed,49900,0,0,2026-07-06,
TXN2330,,failed,0,0,0,,declined_by_bank
TXN2331,UTR2406080225,processed,49900,0,0,2026-07-23,
TXN2333,UTR3056515342,processed,49900,0,0,2026-07-29,
TXN2334,,failed,0,0,0,,invalid_account
TXN2335,UTR4300893732,processed,999900,0,0,2026-08-04,
TXN2337,UTR1967379525,processed,49900,0,0,2026-08-07,
TXN2339,,failed,0,0,0,,network_timeout
TXN2340,UTR2637299068,processed,199900,0,0,2026-08-30,
TXN2341,,pending,,,,,bank_holiday
TXN2342,,failed,0,0,0,,network_timeout
TXN2343,UTR2546768677,processed,999900,0,0,2026-08-17,
TXN2344,,failed,0,0,0,,declined_by_bank
TXN2345,UTR9340315799,processed,499900,0,0,2026-07-09,
TXN2346,UTR3276061103,processed,999900,0,0,2026-08-05,
TXN2347,UTR7048207695,processed,45697,4203,0,2026-08-21,fee_deduction_variance
TXN2348,UTR2770032700,processed,49900,0,0,2026-08-24,
TXN2349,UTR2902586094,processed,199900,0,0,2026-07-08,
TXN2350,UTR4439567874,processed,299940,0,0,2026-07-22,partial_settlement_1
TXN2350,UTR5942146965,processed,199960,0,0,2026-07-22,partial_settlement_2
TXN2351,,pending,,,,,high_volume_queue
TXN2353,UTR7213172814,processed,199900,0,0,2026-07-17,
TXN2354,,pending,,,,,processing_delay
TXN2355,UTR5192423776,processed,499900,0,0,2026-07-28,
TXN2356,UTR3048184216,processed,999900,0,0,2026-07-16,
TXN2357,UTR7729281766,processed,199900,0,0,2026-07-27,
TXN2358,UTR8018933340,processed,199900,0,0,2026-08-21,
TXN2359,,pending,,,,,processing_delay
TXN2360,UTR3789173738,processed,99900,0,0,2026-07-06,
TXN2361,UTR1134749473,processed,99900,0,0,2026-08-05,
TXN2362,UTR6906189747,processed,9900,0,0,2026-08-08,
TXN2363,UTR7394477978,processed,499900,0,0,2026-07-18,
TXN2364,UTR4273037212,processed,999900,0,0,2026-07-12,
TXN2365,UTR9647689975,processed,25449,4451,0,2026-08-28,fee_deduction_variance
TXN2366,UTR3630947435,processed,11940,0,0,2026-07-26,partial_settlement_1
TXN2366,UTR9831167510,processed,7960,0,0,2026-07-26,partial_settlement_2
TXN2367,UTR9804677062,processed,19900,0,0,2026-08-27,
TXN2368,UTR7310210869,processed,199900,0,0,2026-08-20,
TXN2369,UTR5177816551,processed,9900,0,0,2026-08-22,
TXN2371,UTR8836032847,processed,99900,0,0,2026-08-07,
TXN2372,UTR9849367682,processed,9900,0,0,2026-08-15,
TXN2373,UTR7739667548,processed,999900,0,0,2026-07-16,
TXN2374,UTR8573798920,processed,199900,0,0,2026-08-11,
TXN2375,,failed,0,0,0,,invalid_account
TXN2376,UTR5078647432,processed,499900,0,0,2026-07-09,
TXN2377,UTR1742084252,processed,199900,0,0,2026-07-09,
TXN2378,UTR5388085060,processed,49900,0,0,2026-08-31,
TXN2379,UTR4657581636,processed,99900,0,0,2026-08-16,
TXN2380,,failed,0,0,0,,declined_by_bank
TXN2381,,pending,,,,,high_volume_queue
TXN2382,UTR9462935432,processed,19900,0,0,2026-08-24,
TXN2383,UTR8704389725,processed,999900,0,0,2026-08-07,
TXN2384,UTR6364839632,processed,17940,0,0,2026-07-13,partial_settlement_1
TXN2384,UTR7714313862,processed,11960,0,0,2026-07-13,partial_settlement_2
TXN2385,UTR8420959730,processed,19900,0,0,2026-07-16,
TXN2386,UTR2059077154,processed,499900,0,0,2026-07-14,
TXN2387,,pending,,,,,processing_delay
TXN2388,UTR7460185920,processed,49900,0,0,2026-07-04,
TXN2389,UTR1108592659,processed,499900,0,0,2026-07-20,
TXN2390,UTR7983143830,processed,499900,0,0,2026-08-10,
TXN2391,UTR5847023855,processed,999900,0,0,2026-08-27,
TXN2392,UTR7996030750,processed,9900,0,0,2026-07-28,
TXN2393,UTR3441816160,processed,458845,41055,0,2026-08-13,fee_deduction_variance
TXN2394,UTR2009375725,processed,29900,0,0,2026-08-28,
TXN2395,UTR7548447910,processed,199900,0,0,2026-08-06,
TXN2396,UTR9025855300,processed,499900,0,0,2026-07-28,
TXN2398,UTR2699985771,processed,49900,0,0,2026-07-04,
TXN2399,,failed,0,0,0,,declined_by_bank
TXN2400,UTR4560685428,processed,49900,0,0,2026-07-27,
TXN2401,,pending,,,,,high_volume_queue
TXN2402,UTR6520672499,processed,49900,0,0,2026-08-17,
TXN2403,UTR8504480573,processed,499900,0,0,2026-08-21,
TXN2404,UTR5397241324,processed,49900,0,0,2026-07-12,
TXN2405,UTR9522200751,processed,29900,0,0,2026-08-20,
TXN2406,UTR3647290351,processed,29900,0,0,2026-08-02,
TXN2407,UTR1684992293,processed,9900,0,0,2026-08-30,
TXN2408,UTR3807302199,processed,49900,0,0,2026-08-06,
TXN2409,UTR3046572593,processed,9900,0,0,2026-08-13,
TXN2410,,pending,,,,,high_volume_queue
TXN2411,,failed,0,0,0,,invalid_account
TXN2412,UTR8343972092,processed,999900,0,0,2026-08-22,
TXN2413,UTR8257099732,processed,29940,0,0,2026-08-31,partial_settlement_1
TXN2413,UTR4480443642,processed,19960,0,0,2026-08-31,partial_settlement_2
TXN2414,UTR7863568529,processed,446752,53148,0,2026-07-04,fee_deduction_variance
TXN2415,UTR8040800825,processed,999900,0,0,2026-08-22,
TXN2416,UTR2854186059,processed,499900,0,0,2026-08-04,
TXN2417,UTR4821408121,processed,29900,0,0,2026-07-04,
TXN2419,UTR3231531200,processed,499900,0,0,2026-07-11,
TXN2420,UTR5797140671,processed,99900,0,0,2026-07-22,
TXN2421,,pending,,,,,high_volume_queue
TXN2422,UTR4435695558,processed,499900,0,0,2026-08-18,
TXN2424,UTR6383457617,processed,9900,0,0,2026-08-14,
TXN2425,UTR6190246399,processed,199900,0,0,2026-09-02,
TXN2426,UTR6667775644,processed,999900,0,0,2026-07-27,
TXN2427,UTR5271939051,processed,999900,0,0,2026-07-16,
TXN2428,UTR7247829661,processed,999900,0,0,2026-08-02,
TXN2429,UTR7930862832,processed,49900,0,0,2026-08-02,
TXN2430,UTR9886715151,processed,29900,0,0,2026-07-09,
TXN2431,,failed,0,0,0,,network_timeout
TXN2432,UTR4596495823,processed,29900,0,0,2026-08-15,
TXN2433,,failed,0,0,0,,declined_by_bank
TXN2435,UTR7425896687,processed,11940,0,0,2026-08-25,partial_settlement_1
TXN2435,UTR2846721961,processed,7960,0,0,2026-08-25,partial_settlement_2
TXN2436,UTR1287498895,processed,199900,0,0,2026-08-27,
TXN2437,UTR1103548562,processed,199900,0,0,2026-08-07,
TXN2438,UTR2774920001,processed,29900,0,0,2026-08-05,
TXN2439,,failed,0,0,0,,invalid_account
TXN2440,,pending,,,,,bank_holiday
TXN2441,UTR6035496838,processed,999900,0,0,2026-08-20,
TXN2442,UTR5240686279,processed,19900,0,0,2026-07-22,
TXN2443,UTR2854871996,processed,49900,0,0,2026-07-11,
TXN2444,UTR4723459316,processed,499900,0,0,2026-08-21,
TXN2445,UTR6530318753,processed,999900,0,0,2026-07-03,
TXN2446,,failed,0,0,0,,invalid_account
TXN2448,,failed,0,0,0,,invalid_account
TXN2449,,pending,,,,,processing_delay
TXN2450,UTR9471138744,processed,49900,0,0,2026-07-05,
TXN2451,UTR2267081065,processed,199900,0,0,2026-07-20,
TXN2452,UTR2060973449,processed,172726,27174,0,2026-07-28,fee_deduction_variance
TXN2453,UTR7735322123,processed,199900,0,0,2026-07-08,
TXN2454,UTR1014031971,processed,29900,0,0,2026-07-26,
TXN2456,UTR2344934565,processed,9900,0,0,2026-07-24,
TXN2458,,failed,0,0,0,,declined_by_bank
TXN2459,,failed,0,0,0,,declined_by_bank
TXN2460,UTR2646140692,processed,99900,0,0,2026-08-10,
TXN2461,,pending,,,,,bank_holiday
TXN2462,UTR2200317451,processed,499900,0,0,2026-08-17,
TXN2463,UTR5647142311,processed,99900,0,0,2026-07-26,
TXN2464,,pending,,,,,high_volume_queue
TXN2465,UTR8895090298,processed,999900,0,0,2026-07-14,
TXN2467,UTR9064791382,processed,49900,0,0,2026-08-10,
TXN2468,UTR2636257705,processed,49900,0,0,2026-08-05,
TXN2469,UTR6411053588,processed,999900,0,0,2026-08-28,
TXN2470,UTR9500433916,processed,49900,0,0,2026-07-22,
TXN2471,,pending,,,,,bank_holiday
TXN2472,UTR7053603394,processed,999900,0,0,2026-08-14,
TXN2473,UTR7648345452,processed,19900,0,0,2026-07-09,
TXN2474,,failed,0,0,0,,invalid_account
TXN2475,UTR5332533199,processed,19900,0,0,2026-07-28,
TXN2476,UTR1579602009,processed,99900,0,0,2026-07-12,
TXN2477,UTR6350622684,processed,29900,0,0,2026-08-18,
TXN2478,UTR6528492618,processed,17239,2661,0,2026-08-23,fee_deduction_variance
TXN2479,UTR8513372284,processed,999900,0,0,2026-07-29,
TXN2480,UTR2281799405,processed,460895,39005,0,2026-07-31,fee_deduction_variance
TXN2481,UTR6220835254,processed,499900,0,0,2026-08-13,
TXN2482,UTR1611239695,processed,26837,3063,0,2026-07-09,fee_deduction_variance
TXN2483,UTR5855091639,processed,99900,0,0,2026-08-08,
TXN2484,UTR9925472366,processed,29900,0,0,2026-08-15,
TXN2485,UTR1712730078,processed,999900,0,0,2026-07-05,
TXN2486,,pending,,,,,processing_delay
TXN2487,UTR9089712772,processed,999900,0,0,2026-07-24,
TXN2488,UTR8362738619,processed,9900,0,0,2026-07-18,
TXN2489,,pending,,,,,bank_holiday
TXN2490,,pending,,,,,processing_delay
TXN2492,UTR9501707946,processed,999900,0,0,2026-07-05,
TXN2493,,failed,0,0,0,,network_timeout
TXN2494,UTR9552623807,processed,9900,0,0,2026-08-03,
TXN2495,UTR6854009954,processed,99900,0,0,2026-08-26,
TXN2496,UTR8623421097,processed,499900,0,0,2026-08-11,
TXN2497,UTR5802745844,processed,299940,0,0,2026-08-24,partial_settlement_1
TXN2497,UTR6307215162,processed,199960,0,0,2026-08-24,partial_settlement_2
TXN2498,UTR1355959916,processed,49900,0,0,2026-08-06,
TXN2499,UTR5303932022,processed,9900,0,0,2026-07-29,
TXN2500,,failed,0,0,0,,declined_by_bank
TXN2501,UTR4391060026,processed,119940,0,0,2026-08-30,partial_settlement_1
TXN2501,UTR9147794062,processed,79960,0,0,2026-08-30,partial_settlement_2
TXN2502,UTR5573893298,processed,99900,0,0,2026-08-14,
TXN2503,UTR5432551150,processed,99900,0,0,2026-07-23,
TXN2504,UTR8793810968,processed,29900,0,0,2026-07-13,
TXN2505,UTR1158044711,processed,49900,0,0,2026-07-21,
TXN2506,UTR8603667106,processed,19900,0,0,2026-08-27,
TXN2507,UTR9141495500,processed,49900,0,0,2026-08-05,
TXN2508,UTR2673143473,processed,199900,0,0,2026-08-08,
TXN2509,UTR1790110281,processed,499900,0,0,2026-08-05,
TXN2510,UTR6070264390,processed,499900,0,0,2026-08-01,
TXN2511,,pending,,,,,bank_holiday
TXN2512,,pending,,,,,high_volume_queue
TXN2513,UTR8540990094,processed,49900,0,0,2026-07-15,
TXN2514,UTR3456281720,processed,119940,0,0,2026-08-07,partial_settlement_1
TXN2514,UTR9259606584,processed,79960,0,0,2026-08-07,partial_settlement_2
TXN2515,UTR6990674403,processed,999900,0,0,2026-08-14,
TXN2516,UTR5117316498,processed,49900,0,0,2026-08-18,
TXN2517,UTR3491838012,processed,454707,45193,0,2026-07-31,fee_deduction_variance
TXN2518,UTR1860097617,processed,59940,0,0,2026-07-09,partial_settlement_1
TXN2518,UTR8237380833,processed,39960,0,0,2026-07-09,partial_settlement_2
TXN2519,UTR8118724337,processed,49900,0,0,2026-08-31,
TXN2520,,failed,0,0,0,,invalid_account
TXN2521,UTR9350979387,processed,19900,0,0,2026-08-23,
TXN2523,UTR9353456768,processed,896456,103444,0,2026-08-15,fee_deduction_variance
TXN2524,UTR8007540896,processed,19900,0,0,2026-08-22,
TXN2526,UTR7261431746,processed,599940,0,0,2026-07-17,partial_settlement_1
TXN2526,UTR2584288034,processed,399960,0,0,2026-07-17,partial_settlement_2
TXN2527,UTR4597117220,processed,999900,0,0,2026-09-02,
TXN2528,UTR7328332851,processed,19900,0,0,2026-07-10,
TXN2530,UTR8798343554,processed,499900,0,0,2026-08-31,
TXN2531,UTR2747497143,processed,199900,0,0,2026-08-29,
TXN2532,UTR2557063795,processed,199900,0,0,2026-07-18,
TXN2533,,pending,,,,,bank_holiday
TXN2534,,failed,0,0,0,,declined_by_bank
TXN2535,,pending,,,,,bank_holiday
TXN2536,UTR3327719428,processed,9900,0,0,2026-07-07,
TXN2537,,pending,,,,,processing_delay
TXN2538,UTR9053376113,processed,29900,0,0,2026-07-16,
TXN2539,UTR6552131311,processed,49900,0,0,2026-07-28,
TXN2540,,pending,,,,,processing_delay
TXN2541,UTR3476546913,processed,999900,0,0,2026-08-25,
TXN2542,UTR4140705527,processed,19900,0,0,2026-08-24,
TXN2543,UTR5354065716,processed,29900,0,0,2026-08-15,
TXN2544,,pending,,,,,processing_delay
TXN2545,,pending,,,,,processing_delay
TXN2546,UTR2991071729,processed,49900,0,0,2026-08-02,
TXN2547,UTR6512359350,processed,9900,0,0,2026-07-30,
TXN2548,,pending,,,,,high_volume_queue
TXN2549,UTR1573321170,processed,49900,0,0,2026-07-10,
TXN2550,,pending,,,,,processing_delay
TXN2551,UTR1460073271,processed,85669,14231,0,2026-08-15,fee_deduction_variance
TXN2552,UTR1014477641,processed,46172,3728,0,2026-07-09,fee_deduction_variance
TXN2553,UTR7119678479,processed,499900,0,0,2026-08-12,
TXN2554,,pending,,,,,processing_delay
TXN2555,UTR7581977205,processed,49900,0,0,2026-08-12,
TXN2556,UTR1188449193,processed,499900,0,0,2026-08-31,
TXN2557,,failed,0,0,0,,declined_by_bank
TXN2558,UTR4835847054,processed,9900,0,0,2026-09-02,
TXN2559,UTR5484678382,processed,49900,0,0,2026-08-25,
TXN2561,UTR3989035292,processed,19900,0,0,2026-07-31,
TXN2562,UTR4167431021,processed,19900,0,0,2026-08-31,
TXN2563,UTR3657065261,processed,49900,0,0,2026-08-20,
TXN2564,,failed,0,0,0,,declined_by_bank
TXN2565,UTR1676604772,processed,9900,0,0,2026-08-09,
TXN2568,UTR4982498009,processed,49900,0,0,2026-08-21,
TXN2569,UTR4507718470,processed,29900,0,0,2026-08-19,
TXN2570,UTR3372012966,processed,29900,0,0,2026-07-07,
TXN2571,UTR7132013731,processed,19900,0,0,2026-08-16,
TXN2572,UTR6677269946,processed,49900,0,0,2026-07-30,
TXN2573,UTR4105648029,processed,99900,0,0,2026-08-31,
TXN2574,UTR2595749987,processed,29900,0,0,2026-08-28,
TXN2575,,failed,0,0,0,,invalid_account
TXN2576,,pending,,,,,processing_delay
TXN2577,,pending,,,,,processing_delay
TXN2578,UTR6918017122,processed,499900,0,0,2026-08-31,
TXN2579,UTR3418073058,processed,19900,0,0,2026-07-18,
TXN2580,UTR7772412615,processed,29900,0,0,2026-08-01,
TXN2581,UTR1793565790,processed,9900,0,0,2026-08-30,
TXN2582,UTR4171860046,processed,99900,0,0,2026-07-04,
TXN2583,UTR4280722909,processed,99900,0,0,2026-07-28,
TXN2584,,failed,0,0,0,,network_timeout
TXN2585,,pending,,,,,processing_delay
TXN2586,UTR1918583210,processed,49900,0,0,2026-07-16,
TXN2587,UTR8517451065,processed,99900,0,0,2026-08-03,
TXN2588,,failed,0,0,0,,invalid_account
TXN2589,UTR5762969204,processed,9900,0,0,2026-08-03,
TXN2590,UTR5456204585,processed,29900,0,0,2026-08-12,
TXN2591,UTR4044608073,processed,9900,0,0,2026-08-17,
TXN2592,UTR4381741645,processed,49900,0,0,2026-07-13,
TXN2593,,failed,0,0,0,,declined_by_bank
TXN2594,UTR7463438053,processed,199900,0,0,2026-08-30,
TXN2595,,pending,,,,,bank_holiday
TXN2596,UTR1056350841,processed,9410,490,0,2026-07-26,fee_deduction_variance
TXN2597,UTR9194526349,processed,199900,0,0,2026-07-23,
TXN2598,UTR2231951978,processed,49900,0,0,2026-08-09,
TXN2599,UTR2749250097,processed,49900,0,0,2026-08-07,
TXN2600,UTR6476167767,processed,29900,0,0,2026-07-26,
TXN2601,,failed,0,0,0,,network_timeout
TXN2602,UTR7136088865,processed,9526,374,0,2026-07-24,fee_deduction_variance
TXN2603,UTR9827821906,processed,19168,732,0,2026-07-16,fee_deduction_variance
TXN2605,UTR6757547124,processed,999900,0,0,2026-08-12,
TXN2606,,pending,,,,,processing_delay
TXN2607,UTR6334779386,processed,29900,0,0,2026-08-19,
TXN2608,UTR2750015570,processed,999900,0,0,2026-08-11,
TXN2609,UTR9667476679,processed,199900,0,0,2026-07-18,
TXN2610,UTR4467433849,processed,192342,7558,0,2026-07-26,fee_deduction_variance
TXN2611,UTR7537852544,processed,430293,69607,0,2026-07-28,fee_deduction_variance
TXN2612,UTR2264470592,processed,199900,0,0,2026-08-08,
TXN2613,UTR4352342737,processed,49900,0,0,2026-07-08,
TXN2615,UTR4218118324,processed,499900,0,0,2026-08-03,
TXN2616,,failed,0,0,0,,network_timeout
TXN2617,UTR5215931523,processed,9900,0,0,2026-07-11,
TXN2619,,pending,,,,,high_volume_queue
TXN2620,,pending,,,,,high_volume_queue
TXN2621,UTR4621979605,processed,29940,0,0,2026-08-13,partial_settlement_1
TXN2621,UTR8633095811,processed,19960,0,0,2026-08-13,partial_settlement_2
TXN2622,UTR6000396191,processed,29900,0,0,2026-07-26,
TXN2623,UTR5288282161,processed,9900,0,0,2026-08-05,
TXN2624,,pending,,,,,bank_holiday
TXN2625,UTR5528285106,processed,9900,0,0,2026-07-23,
TXN2626,,pending,,,,,high_volume_queue
TXN2627,UTR1697125957,processed,99900,0,0,2026-09-01,
TXN2628,UTR9673525330,processed,29900,0,0,2026-07-16,
TXN2629,UTR2131920912,processed,999900,0,0,2026-07-04,
TXN2630,UTR6644446656,processed,99900,0,0,2026-08-20,
TXN2631,UTR1045704406,processed,49900,0,0,2026-07-06,
TXN2632,UTR8171018617,processed,19900,0,0,2026-07-26,
TXN2633,UTR6569405027,processed,999900,0,0,2026-07-28,
TXN2634,UTR3191587049,processed,9900,0,0,2026-07-09,
TXN2635,UTR7005908641,processed,99900,0,0,2026-08-29,
TXN2636,UTR1783367740,processed,29900,0,0,2026-07-16,
TXN2637,,pending,,,,,high_volume_queue
TXN2639,UTR5393402303,processed,29900,0,0,2026-07-21,
TXN2640,UTR3132298376,processed,499900,0,0,2026-07-21,
TXN2641,UTR1775022450,processed,29900,0,0,2026-08-09,
TXN2642,UTR8633387715,processed,199900,0,0,2026-08-27,
TXN2643,,failed,0,0,0,,declined_by_bank
TXN2644,,pending,,,,,bank_holiday
TXN2645,UTR4429037896,processed,99900,0,0,2026-07-09,
TXN2646,,failed,0,0,0,,network_timeout
TXN2647,UTR6784373367,processed,199900,0,0,2026-08-01,
TXN2648,UTR7020055207,processed,999900,0,0,2026-07-19,
TXN2649,UTR3637213943,processed,49900,0,0,2026-07-15,
TXN2650,UTR7467385370,processed,999900,0,0,2026-07-25,
TXN2651,UTR5297778886,processed,29900,0,0,2026-08-13,
TXN2652,UTR7955867712,processed,49900,0,0,2026-08-30,
TXN2653,UTR6903558431,processed,9900,0,0,2026-07-20,
TXN2654,UTR3741482851,processed,499900,0,0,2026-07-26,
TXN2655,UTR6756055349,processed,99900,0,0,2026-07-10,
TXN2656,UTR6769647208,processed,19900,0,0,2026-08-21,
TXN2658,,pending,,,,,processing_delay
TXN2659,,pending,,,,,processing_delay
TXN2660,,pending,,,,,bank_holiday
TXN2662,UTR6556184397,processed,9900,0,0,2026-07-11,
TXN2663,UTR3252816770,processed,199900,0,0,2026-08-27,
TXN2664,UTR5763568393,processed,499900,0,0,2026-07-09,
TXN2665,UTR3411562298,processed,199900,0,0,2026-08-04,
TXN2666,UTR2727408394,processed,29900,0,0,2026-09-02,
TXN2667,UTR7194208236,processed,472443,27457,0,2026-08-30,fee_deduction_variance
TXN2668,UTR9017817824,processed,29900,0,0,2026-07-19,
TXN2669,UTR2427195224,processed,99900,0,0,2026-07-31,
TXN2670,UTR2015421546,processed,9900,0,0,2026-08-30,
TXN2671,UTR3063857179,processed,19900,0,0,2026-07-09,
TXN2672,UTR6940229940,processed,499900,0,0,2026-07-17,
TXN2673,UTR2775021744,processed,999900,0,0,2026-08-02,
TXN2674,,failed,0,0,0,,declined_by_bank
TXN2676,,pending,,,,,processing_delay
TXN2677,UTR2481794225,processed,19900,0,0,2026-08-18,
TXN2678,,pending,,,,,processing_delay
TXN2679,,pending,,,,,processing_delay
TXN2680,UTR3378551878,processed,9900,0,0,2026-08-24,
TXN2681,UTR1753977213,processed,499900,0,0,2026-07-29,
TXN2682,UTR2399397445,processed,49900,0,0,2026-08-04,
TXN2683,,failed,0,0,0,,network_timeout
TXN2684,,pending,,,,,processing_delay
TXN2685,,pending,,,,,bank_holiday
TXN2687,UTR2422105453,processed,999900,0,0,2026-08-21,
TXN2688,UTR3228851436,processed,999900,0,0,2026-07-06,
TXN2689,,failed,0,0,0,,declined_by_bank
TXN2690,UTR7504017397,processed,99900,0,0,2026-08-02,
TXN2691,UTR9257266440,processed,499900,0,0,2026-07-12,
TXN2693,,pending,,,,,bank_holiday
TXN2694,UTR7771227138,processed,999900,0,0,2026-07-22,
TXN2695,UTR9797881718,processed,29940,0,0,2026-08-02,partial_settlement_1
TXN2695,UTR1651921884,processed,19960,0,0,2026-08-02,partial_settlement_2
TXN2696,,pending,,,,,high_volume_queue
TXN2697,UTR4099552003,processed,19900,0,0,2026-08-25,
TXN2698,UTR6121510453,processed,199900,0,0,2026-07-15,
TXN2699,UTR8666520990,processed,49900,0,0,2026-09-01,
TXN2700,UTR9254622145,processed,19900,0,0,2026-08-31,
TXN2701,UTR9451105506,processed,199900,0,0,2026-08-23,
TXN2702,,pending,,,,,high_volume_queue
TXN2703,UTR9311486930,processed,9900,0,0,2026-08-19,
TXN2705,UTR3638188618,processed,29900,0,0,2026-08-24,
TXN2706,,pending,,,,,processing_delay
TXN2708,,pending,,,,,bank_holiday
TXN2709,UTR6877946634,processed,19900,0,0,2026-07-25,
TXN2710,UTR4622827738,processed,17595,2305,0,2026-08-05,fee_deduction_variance
TXN2711,UTR3383455175,processed,999900,0,0,2026-08-24,
TXN2712,UTR5726084042,processed,19900,0,0,2026-08-19,
TXN2713,UTR8173430641,processed,19900,0,0,2026-08-22,
TXN2714,UTR1362645516,processed,17940,0,0,2026-09-01,partial_settlement_1
TXN2714,UTR3183402812,processed,11960,0,0,2026-09-01,partial_settlement_2
TXN2715,UTR6530738078,processed,19900,0,0,2026-08-29,
TXN2716,UTR9664794189,processed,999900,0,0,2026-08-20,
TXN2717,UTR7855456237,processed,199900,0,0,2026-07-09,
TXN2718,UTR9326826781,processed,49900,0,0,2026-07-29,
TXN2719,UTR4567799446,processed,499900,0,0,2026-08-05,
TXN2720,UTR3531085184,processed,999900,0,0,2026-08-30,
TXN2721,,pending,,,,,bank_holiday
TXN2722,UTR3466036476,processed,99900,0,0,2026-08-18,
TXN2723,UTR8824192025,processed,19900,0,0,2026-07-13,
TXN2724,UTR8789633166,processed,999900,0,0,2026-07-22,
TXN2725,UTR5091155518,processed,99900,0,0,2026-08-07,
TXN2726,UTR7850993986,processed,99900,0,0,2026-08-18,
TXN2727,,failed,0,0,0,,invalid_account
TXN2728,UTR1453940193,processed,9900,0,0,2026-08-03,
TXN2729,UTR6305189721,processed,29900,0,0,2026-07-23,
TXN2730,UTR3182777545,processed,599940,0,0,2026-07-07,partial_settlement_1
TXN2730,UTR4656737672,processed,399960,0,0,2026-07-07,partial_settlement_2
TXN2731,UTR9516301686,processed,91172,8728,0,2026-07-30,fee_deduction_variance
TXN2734,,pending,,,,,high_volume_queue
TXN2735,,pending,,,,,processing_delay
TXN2737,UTR5778121054,processed,199900,0,0,2026-07-19,
TXN2738,UTR8399650163,processed,999900,0,0,2026-07-23,
TXN2739,,pending,,,,,high_volume_queue
TXN2740,UTR2843864884,processed,499900,0,0,2026-07-11,
TXN2741,UTR2657579105,processed,99900,0,0,2026-08-28,
TXN2742,UTR2872211645,processed,49900,0,0,2026-08-15,
TXN2743,,pending,,,,,bank_holiday
TXN2746,UTR6388090295,processed,49900,0,0,2026-07-17,
TXN2747,UTR8518239142,processed,19900,0,0,2026-08-12,
TXN2748,UTR8288622002,processed,99900,0,0,2026-07-24,
TXN2749,UTR3707920718,processed,471249,28651,0,2026-07-09,fee_deduction_variance
TXN2750,UTR6458345419,processed,9900,0,0,2026-08-04,
TXN2751,UTR9363095605,processed,19900,0,0,2026-07-11,
TXN2752,UTR7731164670,processed,49900,0,0,2026-08-08,
TXN2753,UTR1775591300,processed,172892,27008,0,2026-07-26,fee_deduction_variance
TXN2754,UTR1486999978,processed,999900,0,0,2026-08-18,
TXN2755,UTR6362493738,processed,450184,49716,0,2026-08-18,fee_deduction_variance
TXN2756,UTR3085241563,processed,29900,0,0,2026-08-01,
TXN2757,UTR9248520962,processed,99900,0,0,2026-08-14,
TXN2758,UTR8684460654,processed,99900,0,0,2026-07-25,
TXN2759,UTR9715279790,processed,9900,0,0,2026-08-13,
TXN2760,UTR1562021516,processed,99900,0,0,2026-08-19,
TXN2761,,pending,,,,,high_volume_queue
TXN2762,,pending,,,,,bank_holiday
TXN2763,UTR8723175423,processed,499900,0,0,2026-07-09,
TXN2764,UTR1119180627,processed,999900,0,0,2026-08-08,
TXN2765,UTR1257563260,processed,59940,0,0,2026-08-28,partial_settlement_1
TXN2765,UTR1064484699,processed,39960,0,0,2026-08-28,partial_settlement_2
TXN2766,UTR6834132918,processed,499900,0,0,2026-07-18,
TXN2767,UTR4137245394,processed,85827,14073,0,2026-08-25,fee_deduction_variance
TXN2768,UTR5501528110,processed,43780,6120,0,2026-08-17,fee_deduction_variance
TXN2769,UTR7457323072,processed,29900,0,0,2026-08-16,
TXN2770,UTR8096175184,processed,99900,0,0,2026-08-31,
TXN2771,UTR9524331050,processed,29900,0,0,2026-07-09,
TXN2772,UTR4187988846,processed,999900,0,0,2026-07-17,
TXN2773,UTR9150728001,processed,9900,0,0,2026-07-08,
TXN2774,UTR1834778099,processed,8717,1183,0,2026-08-29,fee_deduction_variance
TXN2776,UTR6997230445,processed,49900,0,0,2026-09-01,
TXN2777,UTR6386329670,processed,99900,0,0,2026-07-07,
TXN2778,UTR3956801637,processed,99900,0,0,2026-08-06,
TXN2779,UTR1529710537,processed,49900,0,0,2026-07-18,
TXN2780,,pending,,,,,high_volume_queue
TXN2781,UTR5885655423,processed,99900,0,0,2026-08-02,
TXN2782,UTR6046713478,processed,9900,0,0,2026-07-09,
TXN2783,UTR5190968600,processed,49900,0,0,2026-08-04,
TXN2784,,pending,,,,,high_volume_queue
TXN2786,UTR1492264809,processed,9900,0,0,2026-08-29,
TXN2787,UTR6895578534,processed,999900,0,0,2026-08-25,
TXN2788,UTR4243203487,processed,9900,0,0,2026-07-06,
TXN2789,UTR4393477227,processed,499900,0,0,2026-07-23,
TXN2790,UTR9347090313,processed,49900,0,0,2026-08-04,
TXN2791,UTR6969721286,processed,499900,0,0,2026-07-11,
TXN2792,UTR4044954732,processed,19900,0,0,2026-07-06,
TXN2793,UTR3016202732,processed,49900,0,0,2026-09-02,
TXN2794,UTR5899813434,processed,9900,0,0,2026-07-14,
TXN2795,UTR5803118954,processed,457304,42596,0,2026-08-08,fee_deduction_variance
TXN2796,UTR6854132124,processed,999900,0,0,2026-08-28,
TXN2797,UTR5864913957,processed,999900,0,0,2026-08-31,
TXN2798,,pending,,,,,bank_holiday
TXN2799,UTR5800822333,processed,9021,879,0,2026-08-10,fee_deduction_variance
TXN2800,UTR4367505004,processed,99900,0,0,2026-07-21,
TXN2801,,pending,,,,,processing_delay
TXN2802,UTR9091200884,processed,29900,0,0,2026-07-04,
TXN2804,UTR6871945596,processed,9900,0,0,2026-08-05,
TXN2805,UTR5521918262,processed,9900,0,0,2026-08-29,
TXN2806,UTR1021719094,processed,29900,0,0,2026-07-10,
TXN2807,UTR9562815310,processed,29900,0,0,2026-07-19,
TXN2808,UTR9594339914,processed,172701,27199,0,2026-08-02,fee_deduction_variance
TXN2809,UTR9777279300,processed,999900,0,0,2026-07-11,
TXN2810,UTR1063161101,processed,999900,0,0,2026-07-12,
TXN2811,,failed,0,0,0,,network_timeout
TXN2812,UTR6399164040,processed,999900,0,0,2026-07-27,
TXN2813,UTR9492886409,processed,19900,0,0,2026-07-10,
TXN2814,UTR1195008421,processed,88005,11895,0,2026-08-27,fee_deduction_variance
TXN2815,UTR8423301365,processed,499900,0,0,2026-07-20,
TXN2816,UTR2870122068,processed,49900,0,0,2026-07-09,
TXN2817,UTR3161999877,processed,599940,0,0,2026-07-27,partial_settlement_1
TXN2817,UTR7645012207,processed,399960,0,0,2026-07-27,partial_settlement_2
TXN2818,UTR6715950029,processed,49900,0,0,2026-07-05,
TXN2819,UTR5638829357,processed,999900,0,0,2026-07-19,
TXN2820,UTR2393942170,processed,49900,0,0,2026-08-22,
TXN2821,UTR5281143540,processed,99900,0,0,2026-07-21,
TXN2822,UTR8224036926,processed,499900,0,0,2026-07-26,
TXN2823,,failed,0,0,0,,invalid_account
TXN2824,UTR5131668045,processed,19900,0,0,2026-09-02,
TXN2825,UTR6410068252,processed,499900,0,0,2026-08-28,
TXN2826,UTR8580552734,processed,199900,0,0,2026-08-04,
TXN2827,UTR4923260598,processed,29900,0,0,2026-07-25,
TXN2828,UTR1052419297,processed,19900,0,0,2026-09-02,
TXN2829,UTR9785815724,processed,19900,0,0,2026-08-16,
TXN2830,,pending,,,,,high_volume_queue
TXN2831,UTR6846936493,processed,25940,3960,0,2026-08-11,fee_deduction_variance
TXN2832,UTR7748222368,processed,9900,0,0,2026-08-02,
TXN2833,UTR9573252585,processed,19900,0,0,2026-08-08,
TXN2835,UTR1936157736,processed,8804,1096,0,2026-08-02,fee_deduction_variance
TXN2836,UTR6083716108,processed,9900,0,0,2026-08-02,
TXN2837,UTR4389918146,processed,99900,0,0,2026-07-26,
TXN2838,UTR5494231664,processed,19900,0,0,2026-09-02,
TXN2839,UTR6944346789,processed,499900,0,0,2026-08-16,
TXN2840,UTR7627264996,processed,29900,0,0,2026-07-05,
TXN2841,,pending,,,,,bank_holiday
TXN2842,UTR7260228913,processed,49900,0,0,2026-08-06,
TXN2843,UTR9191923848,processed,29900,0,0,2026-08-16,
TXN2844,,pending,,,,,processing_delay
TXN2845,UTR9202789787,processed,19900,0,0,2026-07-17,
TXN2846,UTR6890240063,processed,174986,24914,0,2026-08-27,fee_deduction_variance
TXN2847,,failed,0,0,0,,network_timeout
TXN2848,UTR4685425985,processed,499900,0,0,2026-07-30,
TXN2849,UTR6480854908,processed,499900,0,0,2026-07-03,
TXN2850,UTR3367385291,processed,17043,2857,0,2026-08-24,fee_deduction_variance
TXN2851,UTR6492166284,processed,29900,0,0,2026-08-25,
TXN2852,UTR9633777114,processed,49900,0,0,2026-07-04,
TXN2853,UTR1563502062,processed,5940,0,0,2026-08-30,partial_settlement_1
TXN2853,UTR8374199102,processed,3960,0,0,2026-08-30,partial_settlement_2
TXN2854,UTR7089957357,processed,29900,0,0,2026-08-17,
TXN2855,UTR3554950583,processed,59940,0,0,2026-08-21,partial_settlement_1
TXN2855,UTR7184625629,processed,39960,0,0,2026-08-21,partial_settlement_2
TXN2856,UTR3799293393,processed,499900,0,0,2026-08-26,
TXN2858,UTR9877185576,processed,49900,0,0,2026-07-04,
TXN2860,UTR4826492627,processed,9900,0,0,2026-08-08,
TXN2861,UTR7791260377,processed,428540,71360,0,2026-08-28,fee_deduction_variance
TXN2862,,failed,0,0,0,,network_timeout
TXN2863,UTR4635730034,processed,9900,0,0,2026-07-22,
TXN2864,UTR8468278040,processed,499900,0,0,2026-08-27,
TXN2865,,failed,0,0,0,,network_timeout
TXN2866,,pending,,,,,high_volume_queue
TXN2867,UTR5114561216,processed,499900,0,0,2026-08-18,
TXN2868,UTR2034595927,processed,9900,0,0,2026-07-29,
TXN2869,UTR9003959750,processed,199900,0,0,2026-08-02,
TXN2870,,pending,,,,,bank_holiday
TXN2871,UTR5568050505,processed,499900,0,0,2026-07-28,
TXN2872,UTR7754637197,processed,29900,0,0,2026-08-21,
TXN2873,UTR7000390965,processed,19900,0,0,2026-08-22,
TXN2874,UTR5240417482,processed,11940,0,0,2026-09-01,partial_settlement_1
TXN2874,UTR2141151737,processed,7960,0,0,2026-09-01,partial_settlement_2
TXN2875,UTR5794660682,processed,99900,0,0,2026-07-21,
TXN2876,UTR4881219845,processed,49900,0,0,2026-08-04,
TXN2877,UTR5002571041,processed,19900,0,0,2026-07-03,
TXN2878,UTR8120804545,processed,999900,0,0,2026-07-06,
TXN2879,UTR5777844536,processed,499900,0,0,2026-07-12,
TXN2880,UTR7282674251,processed,28661,1239,0,2026-07-19,fee_deduction_variance
TXN2881,UTR5773749304,processed,499900,0,0,2026-07-20,
TXN2882,UTR9315275246,processed,9900,0,0,2026-07-11,
TXN2884,UTR9703621314,processed,29900,0,0,2026-08-04,
TXN2885,UTR4901690532,processed,19287,613,0,2026-07-16,fee_deduction_variance
TXN2886,,failed,0,0,0,,declined_by_bank
TXN2887,UTR7937962404,processed,29900,0,0,2026-07-18,
TXN2888,,pending,,,,,high_volume_queue
TXN2889,UTR1968523055,processed,29900,0,0,2026-08-15,
TXN2890,UTR2971882657,processed,499900,0,0,2026-07-31,
TXN2891,UTR2636953700,processed,499900,0,0,2026-08-01,
TXN2892,UTR4032620502,processed,999900,0,0,2026-08-23,
TXN2893,UTR2128097218,processed,499900,0,0,2026-07-30,
TXN2894,,failed,0,0,0,,network_timeout
TXN2895,,failed,0,0,0,,declined_by_bank
TXN2896,UTR2673367915,processed,499900,0,0,2026-08-08,
TXN2897,UTR7407130437,processed,999900,0,0,2026-08-29,
TXN2898,UTR2391392754,processed,49900,0,0,2026-08-01,
TXN2899,UTR8146697580,processed,19900,0,0,2026-07-15,
TXN2900,,failed,0,0,0,,invalid_account
TXN2901,UTR2149625869,processed,19900,0,0,2026-07-05,
TXN2902,,pending,,,,,high_volume_queue
TXN2903,UTR4484092404,processed,189187,10713,0,2026-07-29,fee_deduction_variance
TXN2904,UTR3841689479,processed,29900,0,0,2026-08-22,
TXN2905,,failed,0,0,0,,network_timeout
TXN2906,UTR7126180066,processed,999900,0,0,2026-08-30,
TXN2907,UTR7964879797,processed,19900,0,0,2026-07-14,
TXN2908,UTR9983763814,processed,499900,0,0,2026-08-17,
TXN2909,,failed,0,0,0,,declined_by_bank
TXN2910,UTR6919048740,processed,9900,0,0,2026-08-26,
TXN2911,UTR7288979783,processed,999900,0,0,2026-08-03,
TXN2912,UTR5677334850,processed,499900,0,0,2026-08-08,
TXN2914,UTR7721822718,processed,199900,0,0,2026-07-20,
TXN2915,,pending,,,,,high_volume_queue
TXN2916,UTR6064824125,processed,49900,0,0,2026-08-19,
TXN2917,,failed,0,0,0,,declined_by_bank
TXN2919,UTR9146212299,processed,443354,56546,0,2026-08-17,fee_deduction_variance
TXN2920,UTR7231526825,processed,499900,0,0,2026-07-05,
TXN2921,UTR7843261503,processed,87606,12294,0,2026-08-16,fee_deduction_variance
TXN2922,UTR1428461497,processed,29900,0,0,2026-07-18,
TXN2923,,failed,0,0,0,,declined_by_bank
TXN2924,,pending,,,,,processing_delay
TXN2925,UTR8938201512,processed,29900,0,0,2026-08-31,
TXN2928,UTR5056089101,processed,119940,0,0,2026-09-01,partial_settlement_1
TXN2928,UTR2281380475,processed,79960,0,0,2026-09-01,partial_settlement_2
TXN2929,UTR6174162427,processed,199900,0,0,2026-08-09,
TXN2930,UTR6626524707,processed,499900,0,0,2026-07-04,
TXN2931,UTR8121196375,processed,99900,0,0,2026-08-20,
TXN2932,,failed,0,0,0,,invalid_account
TXN2933,UTR7295632688,processed,29900,0,0,2026-07-22,
TXN2934,UTR5068404283,processed,99900,0,0,2026-07-11,
TXN2935,UTR1854571069,processed,99900,0,0,2026-08-07,
TXN2936,UTR5258488042,processed,29900,0,0,2026-07-14,
TXN2937,UTR9880793275,processed,9900,0,0,2026-09-01,
TXN2939,UTR1240733092,processed,199900,0,0,2026-08-17,
TXN2940,UTR6566299577,processed,99900,0,0,2026-08-22,
TXN2941,UTR2603310794,processed,9900,0,0,2026-08-04,
TXN2942,,failed,0,0,0,,network_timeout
TXN2943,UTR5509915131,processed,999900,0,0,2026-07-12,
TXN2944,UTR1275260215,processed,44447,5453,0,2026-07-08,fee_deduction_variance
TXN2945,UTR8355610591,processed,9900,0,0,2026-07-14,
TXN2946,UTR1428335739,processed,29900,0,0,2026-08-01,
TXN2947,UTR9804668445,processed,9900,0,0,2026-07-31,
TXN2948,UTR2524540068,processed,8833,1067,0,2026-08-14,fee_deduction_variance
TXN2949,UTR8509485283,processed,19900,0,0,2026-08-27,
TXN2952,UTR5374517318,processed,5940,0,0,2026-07-12,partial_settlement_1
TXN2952,UTR7522186733,processed,3960,0,0,2026-07-12,partial_settlement_2
TXN2953,UTR2500493518,processed,184640,15260,0,2026-08-16,fee_deduction_variance
TXN2954,UTR3825799110,processed,199900,0,0,2026-07-14,
TXN2955,UTR1732276273,processed,199900,0,0,2026-08-19,
TXN2956,UTR3596679205,processed,29900,0,0,2026-08-06,
TXN2957,,pending,,,,,processing_delay
TXN2958,UTR2754947472,processed,8932,968,0,2026-07-26,fee_deduction_variance
TXN2959,UTR7662459946,processed,99900,0,0,2026-08-30,
TXN2960,UTR4654980450,processed,44047,5853,0,2026-08-18,fee_deduction_variance
TXN2961,UTR5622542051,processed,29900,0,0,2026-07-11,
TXN2962,UTR9553143673,processed,19900,0,0,2026-07-30,
TXN2963,UTR6967699920,processed,19900,0,0,2026-08-25,
TXN2964,,pending,,,,,processing_delay
TXN2965,UTR9032517775,processed,999900,0,0,2026-07-11,
TXN2966,UTR3622142013,processed,19900,0,0,2026-08-05,
TXN2967,UTR2221154162,processed,29900,0,0,2026-08-28,
TXN2968,UTR7936360766,processed,49900,0,0,2026-08-14,
TXN2969,UTR3798977283,processed,499900,0,0,2026-07-24,
TXN2970,UTR2760169250,processed,49900,0,0,2026-07-17,
TXN2971,UTR2700934484,processed,29900,0,0,2026-08-30,
TXN2972,UTR3959715514,processed,199900,0,0,2026-08-12,
TXN2973,UTR1975552068,processed,29900,0,0,2026-07-15,
TXN2974,UTR3727303120,processed,499900,0,0,2026-08-20,
TXN2975,UTR1319483688,processed,499900,0,0,2026-08-07,
TXN2976,,pending,,,,,processing_delay
TXN2977,UTR7366337616,processed,19900,0,0,2026-08-03,
TXN2978,UTR3244750381,processed,9900,0,0,2026-07-15,
TXN2979,UTR5796528776,processed,99900,0,0,2026-07-15,
TXN2982,UTR4562387582,processed,499900,0,0,2026-08-09,
TXN2983,,pending,,,,,processing_delay
TXN2984,UTR3610609005,processed,91860,8040,0,2026-07-23,fee_deduction_variance
TXN2985,UTR8578340270,processed,999900,0,0,2026-07-15,
TXN2986,,pending,,,,,high_volume_queue
TXN2988,UTR6336633743,processed,49900,0,0,2026-07-13,
TXN2989,UTR9578086916,processed,199900,0,0,2026-08-07,
TXN2990,UTR1734015716,processed,9455,445,0,2026-08-15,fee_deduction_variance
TXN2991,UTR6064374162,processed,499900,0,0,2026-08-03,
TXN2992,UTR4455292153,processed,99900,0,0,2026-07-30,
TXN2993,,pending,,,,,high_volume_queue
TXN2994,UTR4930747947,processed,199900,0,0,2026-07-09,
TXN2995,UTR7856658554,processed,49900,0,0,2026-07-20,
TXN2996,,pending,,,,,high_volume_queue
TXN2997,UTR3807309597,processed,99900,0,0,2026-08-04,
TXN2998,UTR7132039885,processed,29900,0,0,2026-07-07,
TXN2999,UTR5029291319,processed,9900,0,0,2026-08-15,
TXN3000,UTR5460836206,processed,99900,0,0,2026-08-05,
